Date,Close,Open,High,Low,Volume
2016-10-04,13.72,13.38,13.72,13.38,353338.0
2016-10-05,13.29,13.72,14.15,13.29,569726.0
2016-10-06,13.51,13.29,13.63,13.29,264911.0
2016-10-07,13.63,13.63,13.63,13.46,110902.0
2016-10-10,13.72,13.68,21.64,13.63,6253.0
2016-10-11,14.02,13.81,14.15,13.72,158436.0
2016-10-12,14.02,14.02,14.58,13.72,160545.0
2016-10-13,13.81,14.15,14.15,13.72,265820.0
2016-10-14,13.81,13.76,13.81,13.76,45516.0
2016-10-17,13.81,13.85,13.85,13.81,20563.0
2016-10-18,13.72,13.84,13.84,13.69,464291.0
2016-10-19,13.71,13.51,13.72,13.51,140446.0
2016-10-20,13.63,13.63,13.72,13.51,653858.0
2016-10-21,13.46,13.42,13.55,13.29,27538.0
2016-10-24,13.45,13.51,13.51,13.29,130314.0
2016-10-25,13.36,13.3,13.36,13.08,6159.0
2016-10-26,13.25,13.29,13.29,13.16,52294.0
2016-10-27,13.03,13.16,13.16,13.0,271128.0
2016-10-28,13.03,13.03,13.25,12.86,2185191.0
2016-10-31,13.03,13.08,13.08,12.86,25864.0
2016-11-01,12.86,12.86,12.86,12.78,11800.0
2016-11-02,11.66,12.69,12.69,11.58,509897.0
2016-11-03,11.66,11.79,11.83,11.66,122275.0
2016-11-04,12.0,11.66,12.0,11.66,603640.0
2016-11-07,12.09,12.09,12.22,12.09,2250.0
2016-11-08,12.18,12.0,12.22,11.92,335116.0
2016-11-09,12.05,11.92,12.13,11.92,106276.0
2016-11-10,12.2,12.09,12.2,12.09,2629003.0
2016-11-11,12.61,12.35,12.78,12.35,13372.0
2016-11-14,12.35,12.61,12.82,12.35,121500.0
2016-11-15,12.28,12.35,12.39,12.28,798608.0
2016-11-16,12.09,12.31,12.31,12.09,65584.0
2016-11-17,12.05,12.09,12.09,12.0,60400.0
2016-11-18,12.09,12.09,12.13,11.92,728650.0
2016-11-21,12.0,12.0,12.04,12.0,28025.0
2016-11-22,12.05,12.05,12.05,12.05,100008.0
2016-11-23,12.0,12.0,12.0,12.0,50000.0
2016-11-28,12.13,12.05,12.13,12.05,542.0
2016-11-29,11.79,12.13,12.13,11.79,124579.0
2016-11-30,11.96,11.88,11.96,11.83,291546.0
2016-12-01,11.97,12.01,12.01,11.97,127275.0
2016-12-02,11.88,11.92,11.92,11.7,18375.0
2016-12-05,12.39,12.13,12.43,12.0,530574.0
2016-12-06,13.38,13.12,13.42,12.86,925616.0
2016-12-07,13.29,13.36,13.38,13.25,523662.0
2016-12-08,13.63,13.33,13.72,13.29,625842.0
2016-12-09,14.06,13.72,14.19,13.63,588429.0
2016-12-12,13.93,14.15,14.15,13.93,982710.0
2016-12-13,13.92,13.98,13.98,13.85,2901063.0
2016-12-14,13.96,13.89,13.98,13.72,2399409.0
2016-12-15,14.19,14.0,14.28,14.0,1151722.0
2016-12-16,14.06,14.19,14.2,14.06,70784.0
2016-12-19,14.23,14.1,14.23,13.96,1242469.0
2016-12-20,14.35,14.22,14.4,14.2,1128698.0
2016-12-21,14.35,14.38,14.44,14.3,607359.0
2016-12-22,14.29,14.35,14.45,14.24,526064.0
2016-12-23,14.39,14.25,14.4,14.22,35055.0
2016-12-27,15.0,14.45,15.03,14.45,149163.0
2016-12-28,15.0,15.01,15.25,14.95,121411.0
2016-12-29,15.5,15.0,15.6,15.0,414776.0
2016-12-30,15.5,15.5,15.8,15.46,72627.0
2017-01-03,15.36,15.5,15.5,15.15,3188039.0
2017-01-04,16.1,15.36,16.1,15.36,869123.0
2017-01-05,16.19,16.14,16.4,16.0,743202.0
2017-01-06,16.2,16.19,16.28,16.12,1496132.0
2017-01-09,15.9,16.2,16.3,15.9,655322.0
2017-01-10,15.85,15.91,15.95,15.84,169407.0
2017-01-11,15.67,15.85,16.25,15.58,660727.0
2017-01-12,16.0,15.74,16.0,15.69,278663.0
2017-01-13,16.45,16.04,16.65,16.04,191344.0
2017-01-17,16.85,16.58,16.89,16.4,903127.0
2017-01-18,17.05,16.85,17.1,16.77,1593415.0
2017-01-19,16.88,17.0,17.0,16.73,924984.0
2017-01-20,16.94,16.89,17.02,16.89,1252438.0
2017-01-23,16.95,16.95,17.05,16.77,1843229.0
2017-01-24,16.8,16.95,16.98,16.7,659405.0
2017-01-25,16.75,16.77,16.89,16.5,510493.0
2017-01-26,16.85,16.8,16.95,16.8,618234.0
2017-01-27,16.73,16.9,16.9,16.67,479515.0
2017-01-30,16.3,16.84,16.84,16.3,87863.0
2017-01-31,16.21,16.4,16.5,16.05,266358.0
2017-02-01,16.35,16.4,16.41,16.29,751106.0
2017-02-02,16.29,16.39,16.39,16.23,49890.0
2017-02-03,16.7,16.3,16.7,16.2,526618.0
2017-02-06,17.15,17.15,17.81,17.07,521118.0
2017-02-07,17.12,17.3,17.3,17.09,787733.0
2017-02-08,17.25,17.1,17.4,17.07,727805.0
2017-02-09,17.25,17.25,17.3,17.17,120888.0
2017-02-10,17.95,17.3,17.95,17.0,1072189.0
2017-02-13,17.75,17.85,17.9,17.5,506174.0
2017-02-14,17.7,17.75,17.77,17.67,543470.0
2017-02-15,17.65,17.72,17.75,17.65,284094.0
2017-02-16,17.4,17.7,17.7,17.4,267083.0
2017-02-17,17.35,17.4,17.4,17.15,180577.0
2017-02-21,17.13,17.35,17.35,17.1,1330908.0
2017-02-22,16.79,17.15,17.25,16.6,626760.0
2017-02-23,16.3,16.73,16.74,16.1,906874.0
2017-02-24,16.62,16.29,16.62,16.18,555502.0
2017-02-27,16.17,16.59,16.6,16.05,1063030.0
2017-02-28,16.16,16.24,16.24,16.12,82742.0
2017-03-01,16.3,16.16,16.6,16.16,151043.0
2017-03-02,16.2,16.35,16.56,16.2,201560.0
2017-03-03,16.26,16.18,16.3,16.18,550908.0
2017-03-06,16.17,16.3,16.3,16.0,1062976.0
2017-03-07,16.1,16.17,16.24,16.06,90820.0
2017-03-08,15.85,16.1,16.1,15.8,481736.0
2017-03-09,15.41,15.81,15.81,15.34,542739.0
2017-03-10,15.69,15.35,15.8,15.35,830883.0
2017-03-13,16.22,15.75,16.4,15.75,300587.0
2017-03-14,16.17,16.2,16.22,16.05,331256.0
2017-03-15,16.14,16.22,16.25,16.05,490268.0
2017-03-16,16.15,16.15,16.25,16.15,248016.0
2017-03-17,16.08,16.17,16.2,16.0,1420319.0
2017-03-20,16.2,16.09,16.22,16.08,167084.0
2017-03-21,16.0,16.24,16.24,15.95,921809.0
2017-03-22,15.85,16.0,16.0,15.8,506790.0
2017-03-23,15.73,15.97,16.0,15.73,514098.0
2017-03-24,15.8,15.75,16.0,15.74,548786.0
2017-03-27,15.85,15.78,15.87,15.77,859641.0
2017-03-28,15.9,15.84,15.96,15.84,2530935.0
2017-03-29,16.25,15.91,16.26,15.91,2384190.0
2017-03-30,16.28,16.55,16.6,15.99,3010911.0
2017-03-31,16.3,16.28,16.48,16.0,1458036.0
2017-04-03,16.35,16.49,16.5,16.0,719977.0
2017-04-04,16.49,16.31,16.49,16.31,924207.0
2017-04-05,16.48,16.46,16.53,16.42,120515.0
2017-04-06,16.41,16.5,16.5,16.38,65957.0
2017-04-07,16.25,16.4,16.46,16.07,134953.0
2017-04-10,16.25,16.29,16.3,16.23,154572.0
2017-04-11,16.15,16.24,16.25,16.07,78054.0
2017-04-12,16.0,16.12,16.12,15.98,221630.0
2017-04-13,16.17,16.0,16.21,16.0,367783.0
2017-04-17,15.98,16.19,16.22,15.9,1134150.0
2017-04-18,16.0,15.98,16.03,15.88,582826.0
2017-04-19,15.8,16.0,16.01,15.7,752586.0
2017-04-20,15.55,15.8,15.86,15.55,402134.0
2017-04-21,15.2,15.55,15.55,14.97,1231877.0
2017-04-24,15.48,15.19,15.6,15.16,344219.0
2017-04-25,15.45,15.53,15.55,15.35,614765.0
2017-04-26,15.63,15.43,15.65,15.4,640622.0
2017-04-27,15.22,15.63,15.65,15.2,536489.0
2017-04-28,14.95,15.32,15.33,14.95,628991.0
2017-05-01,14.98,15.0,15.05,14.93,530295.0
2017-05-02,14.59,15.0,15.02,14.5,735860.0
2017-05-03,14.69,14.59,14.94,14.59,771135.0
2017-05-04,14.62,14.72,14.8,14.61,692197.0
2017-05-05,15.03,14.71,15.24,14.71,1424270.0
2017-05-08,15.0,15.03,15.05,14.97,2124191.0
2017-05-09,15.01,15.0,15.02,14.97,2346660.0
2017-05-10,15.15,15.15,15.3,14.98,2299763.0
2017-05-11,15.32,15.1,15.35,15.0,3080376.0
2017-05-12,15.58,15.35,15.83,15.33,972725.0
2017-05-15,15.73,15.54,15.77,15.5,692640.0
2017-05-16,15.42,15.77,16.0,15.39,1235828.0
2017-05-17,15.09,15.47,15.67,15.03,1080933.0
2017-05-18,14.8,15.15,15.15,14.69,1413558.0
2017-05-19,15.04,15.25,15.3,14.5,5709753.0
2017-05-22,14.96,15.0,15.14,14.88,1442230.0
2017-05-23,15.0,14.95,15.01,14.85,1370187.0
2017-05-24,15.0,14.96,15.09,14.81,1953322.0
2017-05-25,14.85,14.97,15.03,14.81,2504423.0
2017-05-26,14.99,14.89,15.05,14.78,2107001.0
2017-05-30,14.92,14.95,14.99,14.76,1328500.0
2017-05-31,14.77,14.86,14.95,14.7,1114308.0
2017-06-01,14.91,14.75,14.96,14.75,1227007.0
2017-06-02,14.99,14.95,15.02,14.81,2294217.0
2017-06-05,15.26,15.19,15.52,15.1,4910610.0
2017-06-06,15.52,15.17,15.57,15.07,3637929.0
2017-06-07,15.68,15.5,15.79,15.35,4022683.0
2017-06-08,15.72,15.6,15.85,15.56,1956998.0
2017-06-09,15.8,15.79,15.98,15.67,1820326.0
2017-06-12,16.0,15.7,16.1,15.6,2991736.0
2017-06-13,16.35,15.99,16.48,15.99,3229874.0
2017-06-14,16.79,16.3,16.8,16.3,5430759.0
2017-06-15,16.6,16.68,16.84,16.51,2329979.0
2017-06-16,16.7,16.6,16.88,16.4,22643536.0
2017-06-19,16.7,16.64,16.79,16.63,2528269.0
2017-06-20,16.72,16.66,16.78,16.62,4076758.0
2017-06-21,16.7,16.72,16.74,16.6,2813817.0
2017-06-22,16.65,16.75,16.75,16.48,4504467.0
2017-06-23,16.75,16.74,16.91,16.6,20845063.0
2017-06-26,16.7,16.75,16.86,16.62,2591615.0
2017-06-27,16.7,16.7,16.85,16.67,2854229.0
2017-06-28,16.86,16.75,16.9,16.63,2770830.0
2017-06-29,16.7,16.85,16.88,16.69,3179949.0
2017-06-30,16.79,16.69,16.82,16.61,1449950.0
2017-07-03,17.01,16.86,17.04,16.79,880701.0
2017-07-05,16.74,17.0,17.0,16.65,1571813.0
2017-07-06,16.47,16.82,16.84,16.39,1432581.0
2017-07-07,16.44,16.64,16.66,16.33,1720634.0
2017-07-10,16.42,16.41,16.51,16.31,1289964.0
2017-07-11,16.44,16.37,16.49,16.16,1709428.0
2017-07-12,16.27,16.46,16.58,16.15,2418563.0
2017-07-13,15.88,16.31,16.31,15.79,1888543.0
2017-07-14,16.02,15.9,16.07,15.83,1298372.0
2017-07-17,15.96,16.0,16.09,15.86,1130015.0
2017-07-18,16.03,16.02,16.15,15.95,1715700.0
2017-07-19,15.96,15.96,16.15,15.89,836029.0
2017-07-20,16.2,16.05,16.26,15.91,1209102.0
2017-07-21,16.39,16.28,16.42,16.25,1038722.0
2017-07-24,16.6,16.32,16.75,16.2,1410729.0
2017-07-25,16.61,16.6,16.77,16.28,1975185.0
2017-07-26,16.51,16.61,16.68,16.39,1002366.0
2017-07-27,16.52,16.43,16.55,16.37,598311.0
2017-07-28,16.43,16.48,16.54,16.37,523792.0
2017-07-31,16.43,16.4,16.49,16.36,484641.0
2017-08-01,16.61,16.38,16.61,16.33,920870.0
2017-08-02,16.52,16.49,16.6,16.28,1091961.0
2017-08-03,16.18,16.6,16.65,16.09,1056728.0
2017-08-04,16.66,16.18,16.69,15.92,1610993.0
2017-08-07,17.02,16.69,17.09,16.69,744168.0
2017-08-08,17.19,16.95,17.22,16.85,1043509.0
2017-08-09,17.07,17.11,17.24,16.99,1450059.0
2017-08-10,17.0,17.02,17.17,16.95,1501465.0
2017-08-11,17.21,16.91,17.33,16.88,1166528.0
2017-08-14,17.38,17.21,17.5,17.07,1239917.0
2017-08-15,17.51,17.38,17.55,17.32,1405702.0
2017-08-16,17.66,17.45,17.7,17.41,1334260.0
2017-08-17,17.12,17.82,17.85,17.1,1558176.0
2017-08-18,17.54,17.18,17.63,17.09,1571911.0
2017-08-21,17.66,17.5,17.77,17.42,1076082.0
2017-08-22,17.68,17.66,17.77,17.54,946996.0
2017-08-23,17.72,17.64,17.79,17.64,825814.0
2017-08-24,17.65,17.7,17.76,17.64,858769.0
2017-08-25,17.75,17.75,17.79,17.64,729940.0
2017-08-28,17.76,17.8,17.8,17.71,955586.0
2017-08-29,17.71,17.59,17.8,17.59,689821.0
2017-08-30,17.36,17.69,17.74,17.3,858715.0
2017-08-31,17.7,17.35,17.71,17.31,792857.0
2017-09-01,17.84,17.68,18.08,17.68,2499060.0
2017-09-05,17.75,17.95,17.95,17.58,1172708.0
2017-09-06,17.77,17.74,17.86,17.68,758919.0
2017-09-07,17.87,17.68,17.92,17.68,912584.0
2017-09-08,17.65,17.86,17.93,17.16,1159557.0
2017-09-11,17.72,17.72,17.87,17.59,652347.0
2017-09-12,17.7,17.68,17.77,17.57,594052.0
2017-09-13,17.71,17.78,17.91,17.64,1663906.0
2017-09-14,17.8,17.67,17.99,17.54,1010280.0
2017-09-15,17.78,17.85,17.95,17.66,1880177.0
2017-09-18,17.99,17.81,18.0,17.69,2046327.0
2017-09-19,17.88,17.96,18.05,17.84,1584910.0
2017-09-20,18.22,18.05,18.31,17.97,1534047.0
2017-09-21,18.16,18.17,18.22,18.02,581157.0
2017-09-22,18.15,18.18,18.28,18.13,884595.0
2017-09-25,18.16,18.26,18.28,18.11,848754.0
2017-09-26,18.46,18.24,18.56,18.13,1247458.0
2017-09-27,18.7,18.49,18.85,18.42,1481736.0
2017-09-28,18.65,18.7,18.96,18.61,1769137.0
2017-09-29,18.69,18.66,18.9,18.58,1895280.0
2017-10-02,18.9,18.7,18.94,18.64,1875097.0
2017-10-03,18.9,19.2,19.25,18.7,3312959.0
2017-10-04,18.93,18.91,19.09,18.86,6352020.0
2017-10-05,19.12,18.97,19.33,18.93,4771046.0
2017-10-06,18.79,19.29,19.29,18.65,3453890.0
2017-10-09,18.93,18.87,18.95,18.69,1734276.0
2017-10-10,18.81,18.95,19.09,18.71,2102463.0
2017-10-11,19.01,18.73,19.02,18.72,1955128.0
2017-10-12,19.08,19.08,19.15,18.83,2087571.0
2017-10-13,19.0,19.15,19.16,18.83,1540764.0
2017-10-16,18.99,19.07,19.11,18.93,2834785.0
2017-10-17,19.01,19.03,19.1,18.85,1915832.0
2017-10-18,18.7,19.0,19.16,18.65,1511612.0
2017-10-19,18.83,18.6,18.84,18.44,1302607.0
2017-10-20,19.03,18.98,19.05,18.88,1608228.0
2017-10-23,19.48,19.02,19.58,19.02,1782748.0
2017-10-24,19.58,19.67,19.75,19.56,1925628.0
2017-10-25,20.32,19.65,20.44,19.44,6720459.0
2017-10-26,20.49,20.32,21.2,20.17,4930965.0
2017-10-27,20.3,20.47,20.66,20.17,3175442.0
2017-10-30,18.57,20.0,20.01,18.37,26446200.0
2017-10-31,19.44,18.72,19.57,18.61,11236652.0
2017-11-01,19.21,19.57,19.65,19.06,5730608.0
2017-11-02,19.12,19.22,19.45,18.56,6306107.0
2017-11-03,19.23,19.12,19.37,18.96,4222940.0
2017-11-06,19.36,19.27,19.47,19.14,3905210.0
2017-11-07,18.95,19.38,19.48,18.94,4194933.0
2017-11-08,18.88,19.0,19.02,18.84,5564141.0
2017-11-09,18.3,18.81,18.97,18.22,5514270.0
2017-11-10,18.61,18.26,18.69,18.24,6009540.0
2017-11-13,18.95,18.63,19.01,18.45,4784967.0
2017-11-14,19.18,18.98,19.4,18.97,7720535.0
2017-11-15,19.15,19.15,19.31,18.82,5911644.0
2017-11-16,18.98,19.22,19.26,18.9,6226349.0
2017-11-17,19.15,19.04,19.24,18.89,6946246.0
2017-11-20,18.93,19.15,19.17,18.85,3103478.0
2017-11-21,18.9,18.99,19.01,18.73,4769897.0
2017-11-22,19.44,18.97,19.46,18.97,3314826.0
2017-11-24,19.28,19.42,19.49,19.2,1959867.0
2017-11-27,19.02,19.32,19.32,18.85,5567019.0
2017-11-28,19.23,19.08,19.25,19.04,5034396.0
2017-11-29,19.15,19.17,19.28,18.84,6259538.0
2017-11-30,18.9,19.23,19.42,18.81,18083720.0
2017-12-01,18.73,18.87,19.07,18.54,6515410.0
2017-12-04,18.57,18.83,18.86,18.41,6615089.0
2017-12-05,17.81,18.52,18.54,17.58,5591754.0
2017-12-06,17.51,17.84,17.89,17.35,5073248.0
2017-12-07,17.77,17.52,17.82,17.36,4589245.0
2017-12-08,17.75,17.76,17.86,17.53,2862705.0
2017-12-11,18.11,17.72,18.15,17.72,5689702.0
2017-12-12,18.07,18.14,18.35,17.93,4216246.0
2017-12-13,17.45,17.95,18.01,17.1,6053496.0
2017-12-14,17.24,17.32,17.51,17.15,4332474.0
2017-12-15,17.31,17.21,17.47,17.21,5321578.0
2017-12-18,17.79,17.27,17.83,17.27,3594927.0
2017-12-19,18.0,17.83,18.18,17.72,4859475.0
2017-12-20,18.16,18.11,18.46,18.06,4206606.0
2017-12-21,18.16,18.2,18.4,18.07,6193902.0
2017-12-22,17.98,18.1,18.2,17.84,4314686.0
2017-12-26,17.74,17.98,18.12,17.72,3764099.0
2017-12-27,17.85,17.77,18.13,17.77,3262961.0
2017-12-28,17.91,17.84,18.02,17.74,3391865.0
2017-12-29,18.32,17.9,18.53,17.88,4558293.0
2018-01-02,18.42,18.26,18.43,18.12,3790666.0
2018-01-03,18.47,18.48,18.83,18.32,4049726.0
2018-01-04,18.49,18.45,18.98,18.4,4480529.0
2018-01-05,18.68,18.56,18.7,18.3,2765511.0
2018-01-08,18.7,18.68,18.84,18.52,3789346.0
2018-01-09,18.46,18.62,18.65,18.21,4521232.0
2018-01-10,18.35,18.39,18.51,18.2,2610822.0
2018-01-11,18.54,18.47,18.58,18.24,3591941.0
2018-01-12,18.57,18.55,18.62,18.44,2015211.0
2018-01-16,17.98,18.63,18.63,17.95,3053239.0
2018-01-17,18.44,18.1,18.59,18.01,4216991.0
2018-01-18,18.79,18.58,18.82,18.55,8061860.0
2018-01-19,19.49,18.81,19.56,18.78,7149348.0
2018-01-22,19.24,19.53,19.76,19.22,4690702.0
2018-01-23,19.23,19.22,19.45,19.14,4096323.0
2018-01-24,19.48,19.27,19.79,19.22,5249746.0
2018-01-25,19.72,19.56,19.76,19.35,3372588.0
2018-01-26,19.79,19.77,19.9,19.59,2234763.0
2018-01-29,19.56,19.7,19.76,19.42,2450923.0
2018-01-30,19.16,19.47,19.51,19.04,3917431.0
2018-01-31,19.5,19.17,19.52,19.13,2919551.0
2018-02-01,19.64,19.47,19.85,19.43,4312748.0
2018-02-02,19.15,19.43,19.59,19.05,3360633.0
2018-02-05,18.53,18.99,19.2,18.36,3691375.0
2018-02-06,18.67,18.17,18.85,17.8,5663452.0
2018-02-07,18.53,18.57,19.26,18.52,5851767.0
2018-02-08,17.46,18.53,18.64,17.44,4777882.0
2018-02-09,17.88,17.55,18.07,17.31,5662550.0
2018-02-12,17.96,17.95,18.03,17.41,4424102.0
2018-02-13,18.25,17.91,18.34,17.84,2400045.0
2018-02-14,18.26,18.12,18.4,18.05,1754720.0
2018-02-15,18.69,18.39,18.72,18.17,1950866.0
2018-02-16,18.83,18.64,19.01,18.6,1638266.0
2018-02-20,18.88,18.78,19.0,18.74,2945568.0
2018-02-21,18.67,18.95,19.04,18.6,2487160.0
2018-02-22,18.72,18.73,18.99,18.57,3585669.0
2018-02-23,19.02,18.8,19.05,18.7,4884733.0
2018-02-26,18.98,19.13,19.23,18.44,3357959.0
2018-02-27,18.98,19.01,19.3,18.92,4245478.0
2018-02-28,18.95,19.1,19.15,18.88,3852516.0
2018-03-01,19.1,19.0,19.31,18.8,3239990.0
2018-03-02,19.59,18.97,19.62,18.86,2934006.0
2018-03-05,19.91,19.58,20.06,19.5,4934506.0
2018-03-06,20.47,20.14,20.53,19.81,8881686.0
2018-03-07,20.59,20.55,20.76,20.22,4276881.0
2018-03-08,20.81,20.77,20.88,20.54,5226209.0
2018-03-09,20.69,20.87,20.97,20.6,4891341.0
2018-03-12,20.46,20.65,20.78,20.38,5421681.0
2018-03-13,20.46,20.59,20.62,20.15,8115423.0
2018-03-14,20.29,20.5,20.62,20.14,5061019.0
2018-03-15,20.69,20.38,20.74,20.3,5545722.0
2018-03-16,20.43,20.69,20.75,20.35,4212232.0
2018-03-19,19.93,20.38,20.38,19.79,4342876.0
2018-03-20,19.82,20.0,20.11,19.69,3759890.0
2018-03-21,20.15,19.86,20.3,19.79,4039728.0
2018-03-22,20.35,19.96,20.56,19.92,6223240.0
2018-03-23,20.19,20.32,20.59,20.1,4377753.0
2018-03-26,20.71,20.23,20.85,20.15,4056954.0
2018-03-27,20.86,20.71,21.15,20.6,4795962.0
2018-03-28,21.13,21.33,21.44,20.81,4717551.0
2018-03-29,20.83,21.15,21.18,20.71,4904770.0
2018-04-02,20.35,20.81,20.91,20.01,3415602.0
2018-04-03,20.78,20.44,20.84,20.09,4979948.0
2018-04-04,20.61,20.58,20.7,20.36,5007033.0
2018-04-05,20.22,20.7,20.94,20.05,4761733.0
2018-04-06,19.68,20.19,20.23,19.59,14214469.0
2018-04-09,20.83,19.87,21.35,19.77,11306672.0
2018-04-10,21.32,21.03,21.32,20.63,9142674.0
2018-04-11,21.47,21.25,21.57,21.22,8343113.0
2018-04-12,21.46,21.56,22.16,21.33,9270516.0
2018-04-13,21.65,21.5,21.85,21.35,8445377.0
2018-04-16,21.99,21.85,22.25,21.75,8280204.0
2018-04-17,22.35,22.17,22.46,21.94,5409044.0
2018-04-18,22.34,22.38,22.57,22.31,4540257.0
2018-04-19,22.12,22.25,22.37,21.82,3833148.0
2018-04-20,21.88,22.09,22.15,21.8,5551233.0
2018-04-23,22.33,21.97,22.33,21.91,4724771.0
2018-04-24,22.28,22.49,22.79,22.2,4562891.0
2018-04-25,22.48,22.35,22.6,22.19,3413299.0
2018-04-26,22.6,22.53,22.98,22.36,5802984.0
2018-04-27,22.74,22.66,23.01,22.36,3587211.0
2018-04-30,22.85,22.87,23.01,22.76,4032826.0
2018-05-01,22.85,22.96,22.96,22.49,4012822.0
2018-05-02,22.99,22.9,23.42,22.88,5348590.0
2018-05-03,23.14,23.0,23.37,22.6,5485291.0
2018-05-04,23.01,24.0,24.39,22.82,9115081.0
2018-05-07,23.8,23.04,24.04,23.04,7160540.0
2018-05-08,23.17,23.82,23.94,22.99,6072711.0
2018-05-09,22.99,23.2,23.32,22.6,4586979.0
2018-05-10,22.91,22.66,23.01,22.65,4681584.0
2018-05-11,22.94,22.96,23.18,22.81,4052067.0
2018-05-14,23.1,23.08,23.37,22.97,2878557.0
2018-05-15,23.14,23.03,23.2,22.95,4516864.0
2018-05-16,23.08,23.18,23.45,22.97,3837135.0
2018-05-17,22.88,23.06,23.15,22.63,4051451.0
2018-05-18,23.01,22.79,23.04,22.79,3841246.0
2018-05-21,23.01,23.11,23.17,22.74,3340383.0
2018-05-22,23.22,23.13,23.43,23.13,2017755.0
2018-05-23,23.23,23.18,23.28,23.08,3508482.0
2018-05-24,24.08,23.6,24.24,23.55,6064440.0
2018-05-25,23.95,24.02,24.16,23.82,3173966.0
2018-05-29,24.01,23.95,24.16,23.86,2998280.0
2018-05-30,24.27,24.06,24.56,24.06,4846896.0
2018-05-31,24.53,24.41,24.7,24.26,10162386.0
2018-06-01,24.34,24.53,24.6,24.31,4055759.0
2018-06-04,24.27,24.5,24.65,24.06,3800975.0
2018-06-05,24.38,24.28,24.64,24.2,3647472.0
2018-06-06,24.61,24.38,24.72,24.37,4563107.0
2018-06-07,24.67,24.66,24.81,24.63,3776432.0
2018-06-08,24.56,24.59,24.73,24.27,2348663.0
2018-06-11,24.09,24.56,24.68,24.04,3832738.0
2018-06-12,24.2,24.08,24.37,24.02,4105590.0
2018-06-13,24.39,24.32,24.64,24.18,9875104.0
2018-06-14,24.01,24.46,24.81,23.98,4276948.0
2018-06-15,23.75,23.86,23.92,23.53,5565412.0
2018-06-18,23.52,23.62,23.88,23.47,4715079.0
2018-06-19,23.46,23.38,23.58,23.06,6467416.0
2018-06-20,23.65,23.6,23.86,23.52,5305633.0
2018-06-21,24.07,23.78,24.11,23.67,3552257.0
2018-06-22,23.65,24.06,24.2,23.51,9288429.0
2018-06-25,23.33,23.66,23.76,23.22,4497478.0
2018-06-26,23.84,23.36,23.94,23.33,5392299.0
2018-06-27,23.75,23.74,24.09,23.65,3388581.0
2018-06-28,23.5,23.7,24.01,23.49,4137804.0
2018-06-29,23.66,23.57,24.03,23.5,3085483.0
2018-07-02,24.01,23.48,24.01,23.33,3306804.0
2018-07-03,22.81,23.89,23.91,22.75,3476061.0
2018-07-05,22.62,22.89,22.89,22.36,4288072.0
2018-07-06,22.91,22.63,23.05,22.57,3452340.0
2018-07-09,22.71,22.95,23.26,22.59,3806677.0
2018-07-10,23.01,22.68,23.13,22.68,4119920.0
2018-07-11,22.87,22.98,23.1,22.79,2321328.0
2018-07-12,23.19,22.84,23.24,22.7,2422086.0
2018-07-13,23.44,23.11,23.45,23.01,2506225.0
2018-07-16,23.71,23.43,23.76,23.38,2937819.0
2018-07-17,23.59,23.74,24.01,23.51,2562904.0
2018-07-18,23.55,23.64,23.79,23.49,2991289.0
2018-07-19,23.23,23.51,23.63,23.04,3197196.0
2018-07-20,23.18,23.17,23.42,22.9,2676609.0
2018-07-23,22.89,23.3,23.41,22.83,2341914.0
2018-07-24,22.45,22.84,22.85,22.28,3485463.0
2018-07-25,22.31,22.52,22.72,22.19,2839910.0
2018-07-26,22.55,22.33,22.78,22.3,2166020.0
2018-07-27,22.35,22.59,22.69,22.33,2135264.0
2018-07-30,22.17,22.41,22.44,22.08,1528059.0
2018-07-31,22.6,22.21,22.67,22.14,3363941.0
2018-08-01,22.72,22.58,22.77,22.36,2706603.0
2018-08-02,22.56,22.59,22.75,22.3,3094165.0
2018-08-03,22.62,22.56,22.86,22.46,3921861.0
2018-08-06,23.2,22.65,23.75,22.63,5380904.0
2018-08-07,23.47,23.13,23.68,22.79,4320045.0
2018-08-08,23.33,23.31,23.42,23.17,3454219.0
2018-08-09,23.36,23.31,23.59,23.27,3569328.0
2018-08-10,22.78,23.23,23.43,22.62,5373574.0
2018-08-13,22.1,22.71,22.79,21.85,8113445.0
2018-08-14,22.41,22.37,22.45,22.18,4114480.0
2018-08-15,22.06,22.49,22.54,21.96,6609824.0
2018-08-16,22.45,22.1,22.6,22.04,5167229.0
2018-08-17,22.42,22.42,22.75,22.31,3329770.0
2018-08-20,22.51,22.42,22.62,22.31,2224232.0
2018-08-21,22.33,22.55,22.63,22.32,2053042.0
2018-08-22,22.5,22.39,22.6,22.33,3217053.0
2018-08-23,22.48,22.5,22.76,22.46,3149835.0
2018-08-24,22.66,22.58,22.78,22.49,2489910.0
2018-08-27,22.79,22.71,23.18,22.71,2964308.0
2018-08-28,22.9,22.81,23.05,22.79,3041434.0
2018-08-29,22.98,22.99,23.33,22.66,4718873.0
2018-08-30,23.4,22.93,23.76,22.93,5071465.0
2018-08-31,23.54,23.32,23.58,23.32,3541118.0
2018-09-04,23.21,23.48,23.57,23.15,4398811.0
2018-09-05,22.99,23.21,23.26,22.72,3610366.0
2018-09-06,22.46,22.91,23.11,22.41,3974039.0
2018-09-07,22.5,22.34,22.54,22.18,2871044.0
2018-09-10,22.9,22.61,23.04,22.53,2600088.0
2018-09-11,22.98,22.82,23.21,22.76,3520252.0
2018-09-12,23.25,22.96,23.34,22.95,3761657.0
2018-09-13,23.35,23.32,23.49,23.13,2444988.0
2018-09-14,23.35,23.27,23.61,23.27,3375295.0
2018-09-17,23.03,23.27,23.62,22.96,3389081.0
2018-09-18,23.27,23.02,23.43,23.0,4486586.0
2018-09-19,23.06,23.34,23.55,23.02,4876409.0
2018-09-20,23.42,23.22,23.61,23.17,3275956.0
2018-09-21,23.84,23.4,23.98,23.37,9448844.0
2018-09-24,23.87,23.79,24.02,23.68,2797518.0
2018-09-25,23.55,23.65,23.94,23.25,3803799.0
2018-09-26,23.74,23.65,24.02,23.54,4466228.0
2018-09-27,24.18,23.82,24.25,23.69,3433364.0
2018-09-28,24.88,24.18,25.22,24.18,8265626.0
2018-10-01,25.26,24.92,25.26,24.78,4817732.0
2018-10-02,25.45,25.36,26.29,25.28,12196709.0
2018-10-03,25.42,25.42,26.02,25.33,6891388.0
2018-10-04,25.25,25.35,25.52,25.07,4223064.0
2018-10-05,25.62,25.35,25.64,25.18,4186186.0
2018-10-08,25.43,25.59,25.82,25.26,3751921.0
2018-10-09,25.31,25.4,25.59,24.96,5026202.0
2018-10-10,24.9,25.17,25.49,24.89,4841877.0
2018-10-11,24.21,24.9,24.94,24.15,5257683.0
2018-10-12,24.22,24.46,24.61,23.8,5217832.0
2018-10-15,23.83,24.21,24.44,23.78,6142552.0
2018-10-16,23.99,23.94,24.36,23.72,6074367.0
2018-10-17,23.39,24.02,24.04,23.13,5479703.0
2018-10-18,22.86,23.24,23.3,22.8,5399910.0
2018-10-19,22.65,22.87,23.19,22.63,3817298.0
2018-10-22,23.01,22.67,23.2,22.39,8097240.0
2018-10-23,22.5,22.78,22.81,21.82,8845655.0
2018-10-24,22.14,22.57,22.64,22.05,3283530.0
2018-10-25,22.26,22.3,22.57,22.22,4280228.0
2018-10-26,22.11,22.17,22.35,21.76,4334159.0
2018-10-29,21.81,22.24,22.4,21.63,4170916.0
2018-10-30,21.89,21.8,22.07,21.56,3713852.0
2018-10-31,22.63,22.01,22.77,22.01,5729746.0
2018-11-01,23.1,22.61,23.15,22.36,4285765.0
2018-11-02,24.39,24.0,24.84,23.75,14016346.0
2018-11-05,24.97,24.47,25.01,24.47,6764415.0
2018-11-06,24.48,24.81,25.22,24.23,4549327.0
2018-11-07,24.71,24.57,24.85,24.44,4831874.0
2018-11-08,24.25,24.62,24.88,23.99,3292546.0
2018-11-09,24.08,24.01,24.42,23.93,4118485.0
2018-11-12,24.61,24.08,24.77,23.97,3833351.0
2018-11-13,24.32,24.75,24.94,24.23,2641372.0
2018-11-14,23.85,24.29,24.45,23.65,3392128.0
2018-11-15,23.29,23.73,23.83,23.02,3793790.0
2018-11-16,23.67,23.5,23.8,23.31,5190717.0
2018-11-19,23.55,23.64,23.98,23.48,6656345.0
2018-11-20,22.37,23.39,23.41,22.02,10700336.0
2018-11-21,22.8,22.54,23.26,22.54,5246189.0
2018-11-23,22.86,22.73,23.01,22.69,1640236.0
2018-11-26,23.19,22.98,23.35,22.91,4428139.0
2018-11-27,22.92,23.2,23.28,22.87,2747308.0
2018-11-28,23.35,23.04,23.51,23.01,4785747.0
2018-11-29,23.2,23.35,23.52,22.97,4539343.0
2018-11-30,23.48,23.22,23.62,23.18,5891159.0
2018-12-03,23.78,23.71,23.95,23.59,5523930.0
2018-12-04,23.48,23.8,24.13,23.48,4473414.0
2018-12-06,24.09,23.3,24.22,22.9,9417448.0
2018-12-07,23.95,24.19,24.36,23.87,4656859.0
2018-12-10,23.65,23.65,23.96,23.4,4263670.0
2018-12-11,23.92,23.84,24.25,23.61,5070925.0
2018-12-12,24.42,24.18,24.81,24.01,7325890.0
2018-12-13,24.84,24.44,25.09,24.41,5644072.0
2018-12-14,24.71,24.62,25.1,24.56,4239277.0
2018-12-17,23.89,24.72,24.8,23.79,6154791.0
2018-12-18,23.36,24.01,24.45,23.27,5057194.0
2018-12-19,23.16,23.39,23.7,23.01,4556003.0
2018-12-20,22.25,23.08,23.14,22.01,7677427.0
2018-12-21,21.43,22.31,22.47,21.34,7803545.0
2018-12-24,21.19,21.29,21.49,20.84,2728375.0
2018-12-26,22.2,21.23,22.26,21.03,6043950.0
2018-12-27,22.31,21.97,22.32,21.49,3088506.0
2018-12-28,22.3,22.34,22.6,22.1,2659605.0
2018-12-31,22.89,22.41,22.93,22.36,2684511.0
2019-01-02,22.38,22.51,23.1,22.28,3754564.0
2019-01-03,22.17,22.36,22.66,22.02,2868800.0
2019-01-04,23.07,22.31,23.13,22.31,3017415.0
2019-01-07,23.46,23.12,23.9,23.07,5185489.0
2019-01-08,23.47,23.51,23.86,23.31,3673736.0
2019-01-09,23.31,23.45,23.57,23.22,3416921.0
2019-01-10,24.11,23.26,24.12,23.26,4464056.0
2019-01-11,23.79,24.09,24.09,23.49,3299269.0
2019-01-14,23.55,23.64,23.83,23.31,4121122.0
2019-01-15,23.73,23.43,24.02,23.43,3058637.0
2019-01-16,24.25,23.71,24.35,23.66,3857204.0
2019-01-17,24.61,24.26,24.79,24.2,3296883.0
2019-01-18,24.2,24.7,24.85,24.11,3435573.0
2019-01-22,24.28,24.34,24.45,24.0,3802401.0
2019-01-23,24.76,24.38,24.93,24.38,4346211.0
2019-01-24,24.64,24.75,24.89,24.45,3528062.0
2019-01-25,24.65,24.65,24.84,24.51,3375665.0
2019-01-28,24.41,24.48,24.72,24.38,3785693.0
2019-01-29,24.64,24.4,24.85,24.4,2159787.0
2019-01-30,24.92,24.75,25.05,24.68,2272476.0
2019-01-31,25.11,24.86,25.37,24.75,3278668.0
2019-02-01,25.07,25.1,25.46,25.04,3218041.0
2019-02-04,25.4,25.1,25.53,24.93,3414760.0
2019-02-05,25.2,25.54,25.63,25.13,2689359.0
2019-02-06,25.26,25.16,25.46,25.09,2265661.0
2019-02-07,25.53,25.25,25.62,25.17,2173414.0
2019-02-08,25.93,25.49,25.94,25.48,3836096.0
2019-02-11,26.11,26.0,26.17,25.9,1979765.0
2019-02-12,26.29,26.25,26.61,26.2,3825072.0
2019-02-13,26.13,26.27,26.55,26.02,3822499.0
2019-02-14,26.31,26.14,26.44,26.07,2293026.0
2019-02-15,26.51,26.43,26.55,26.24,3044249.0
2019-02-19,26.59,26.47,26.71,26.4,3671836.0
2019-02-20,26.64,26.55,26.78,26.43,3886425.0
2019-02-21,26.76,26.51,26.86,26.43,2699582.0
2019-02-22,26.89,26.77,27.01,26.72,2100566.0
2019-02-25,26.56,26.89,26.91,26.4,2567345.0
2019-02-26,26.28,26.61,26.61,26.16,4181625.0
2019-02-27,26.15,26.28,26.44,26.05,3589242.0
2019-02-28,26.04,25.98,26.5,25.62,4580178.0
2019-03-01,26.55,26.17,26.62,26.0,3233940.0
2019-03-04,25.43,26.68,26.75,25.04,7132298.0
2019-03-05,25.48,25.34,25.71,24.97,5089840.0
2019-03-06,25.23,25.43,25.53,25.13,4467894.0
2019-03-07,24.94,25.31,25.44,24.84,3579054.0
2019-03-08,25.13,24.76,25.14,24.57,3973025.0
2019-03-11,25.25,25.16,25.33,25.05,3277350.0
2019-03-12,25.88,25.32,25.92,25.15,4597859.0
2019-03-13,26.02,25.96,26.41,25.94,5225598.0
2019-03-14,25.55,25.87,25.87,25.5,2367997.0
2019-03-15,25.59,25.55,25.86,25.31,3760686.0
2019-03-18,25.79,25.58,25.79,25.53,2922658.0
2019-03-19,25.58,25.81,25.97,25.5,2720877.0
2019-03-20,25.6,25.61,25.92,25.56,4261856.0
2019-03-21,26.14,25.63,26.25,25.63,2994533.0
2019-03-22,25.98,26.25,26.36,25.94,3882327.0
2019-03-25,26.09,26.08,26.35,25.79,4295780.0
2019-03-26,25.96,26.22,26.31,25.85,3703363.0
2019-03-27,25.9,26.02,26.1,25.66,5556465.0
2019-03-28,25.8,25.95,26.08,25.69,5101684.0
2019-03-29,26.03,25.72,26.2,25.72,4165842.0
2019-04-01,26.03,26.15,26.39,25.84,2725345.0
2019-04-02,26.32,26.07,26.34,25.91,2903701.0
2019-04-03,26.19,26.34,26.61,26.15,3727035.0
2019-04-04,26.05,26.14,26.21,25.84,3376645.0
2019-04-05,25.94,26.12,26.15,25.77,3945968.0
2019-04-08,25.76,25.9,25.92,25.6,3864619.0
2019-04-09,25.49,25.77,25.81,25.31,4313059.0
2019-04-10,25.9,25.53,26.06,25.46,3990244.0
2019-04-11,26.04,25.97,26.16,25.9,3489723.0
2019-04-12,26.1,26.11,26.15,25.92,3590215.0
2019-04-15,25.99,26.13,26.37,25.89,2842668.0
2019-04-16,25.98,25.98,26.26,25.95,3230788.0
2019-04-17,25.67,26.05,26.21,25.49,3477193.0
2019-04-18,26.01,25.79,26.16,25.73,3179229.0
2019-04-22,26.2,25.99,26.33,25.99,3166876.0
2019-04-23,26.42,26.26,26.57,26.21,2535049.0
2019-04-24,26.59,26.45,26.7,26.33,2735179.0
2019-04-25,26.8,26.61,27.0,26.43,3315661.0
2019-04-26,27.02,26.92,27.1,26.87,3630763.0
2019-04-29,27.05,27.07,27.15,26.9,2567225.0
2019-04-30,27.25,27.02,27.27,26.94,6184106.0
2019-05-01,27.25,27.23,27.46,27.11,3829261.0
2019-05-02,27.25,27.11,27.48,27.07,4376256.0
2019-05-03,26.66,27.56,27.86,26.6,5232537.0
2019-05-06,26.31,26.83,26.85,26.07,5325461.0
2019-05-07,26.15,26.1,26.57,26.07,5209863.0
2019-05-08,25.19,25.9,26.02,24.6,10494082.0
2019-05-09,24.85,24.95,25.04,24.52,5930169.0
2019-05-10,24.83,24.92,25.01,24.57,4873900.0
2019-05-13,24.47,24.45,24.49,24.03,5866254.0
2019-05-14,24.57,24.55,25.01,24.5,5193488.0
2019-05-15,24.5,24.54,24.81,24.28,3506768.0
2019-05-16,24.66,24.48,24.88,24.43,3576554.0
2019-05-17,24.81,24.45,24.99,24.42,5581143.0
2019-05-20,25.06,24.75,25.31,24.69,4867323.0
2019-05-21,25.75,25.13,25.98,25.13,8589510.0
2019-05-22,25.45,25.64,25.75,25.28,3870796.0
2019-05-23,24.8,25.31,25.33,24.6,4289024.0
2019-05-24,24.48,24.83,24.92,24.48,3022335.0
2019-05-28,24.59,24.57,24.9,24.31,5944671.0
2019-05-29,24.02,24.58,24.65,23.75,5216127.0
2019-05-30,23.42,23.98,24.12,22.96,6915558.0
2019-05-31,23.56,23.23,23.87,23.19,7731226.0
2019-06-03,23.76,23.62,23.89,23.53,3868110.0
2019-06-04,24.27,24.12,24.31,23.52,5738842.0
2019-06-05,24.61,24.37,24.69,24.1,3995058.0
2019-06-06,24.62,24.71,25.14,24.41,2783873.0
2019-06-07,24.31,24.72,24.81,24.29,4268620.0
2019-06-10,24.11,24.3,24.48,24.04,2852301.0
2019-06-11,24.57,24.12,24.59,24.04,2895423.0
2019-06-12,24.22,24.62,24.7,24.04,3577124.0
2019-06-13,23.86,24.14,24.34,23.75,3474750.0
2019-06-14,23.77,23.86,23.9,23.56,2875121.0
2019-06-17,23.26,23.74,23.75,23.17,6941821.0
2019-06-18,23.6,23.44,23.72,23.36,4431931.0
2019-06-19,23.82,23.6,23.92,23.59,3855980.0
2019-06-20,24.19,24.11,24.25,23.9,3043416.0
2019-06-21,24.1,24.21,24.32,23.75,11378097.0
2019-06-24,23.89,24.2,24.23,23.77,4639988.0
2019-06-25,23.37,23.9,23.91,23.29,5542449.0
2019-06-26,22.26,23.33,23.47,22.2,9892099.0
2019-06-27,22.24,22.26,22.37,21.89,9463355.0
2019-06-28,22.64,22.3,22.67,22.29,8405605.0
2019-07-01,22.76,22.71,22.85,22.43,4195231.0
2019-07-02,22.62,22.79,22.84,22.43,4029895.0
2019-07-03,22.54,22.69,22.89,22.52,6179907.0
2019-07-05,22.54,22.46,22.84,22.39,3071819.0
2019-07-08,22.43,22.41,22.56,22.17,4829445.0
2019-07-09,22.42,22.39,22.56,22.26,3373000.0
2019-07-10,22.43,22.44,22.76,22.39,3610696.0
2019-07-11,22.39,22.44,22.46,22.16,5320775.0
2019-07-12,22.58,22.47,22.72,22.22,2316004.0
2019-07-15,22.55,22.6,22.64,22.35,2719174.0
2019-07-16,21.97,22.45,22.64,21.86,4410142.0
2019-07-17,22.22,21.95,22.37,21.95,3056688.0
2019-07-18,22.11,22.17,22.28,21.84,2625736.0
2019-07-19,21.83,22.14,22.27,21.83,2978866.0
2019-07-22,21.61,21.84,21.86,21.58,2981279.0
2019-07-23,21.43,21.67,21.68,21.37,2451352.0
2019-07-24,21.56,21.41,21.64,21.33,1959098.0
2019-07-25,21.92,21.46,22.08,21.44,2949887.0
2019-07-26,21.75,21.95,22.06,21.65,1955960.0
2019-07-29,21.77,21.77,21.94,21.53,3175072.0
2019-07-30,21.87,21.68,21.9,21.6,2870435.0
2019-07-31,21.46,21.85,21.97,21.43,5401560.0
2019-08-01,21.55,21.45,21.8,21.35,3266526.0
2019-08-02,22.04,21.75,22.36,21.35,4687412.0
2019-08-05,21.72,21.84,21.96,21.51,5242956.0
2019-08-06,22.28,21.75,22.33,21.63,5022423.0
2019-08-07,22.06,22.23,22.61,22.06,6233772.0
2019-08-08,22.75,22.09,22.83,22.05,4783161.0
2019-08-09,22.13,22.7,22.77,22.13,3182372.0
2019-08-12,22.07,22.03,22.11,21.75,2178941.0
2019-08-13,22.59,22.05,22.74,22.0,4383480.0
2019-08-14,22.29,22.53,22.87,22.22,8127057.0
2019-08-15,22.61,22.4,22.74,22.25,5829703.0
2019-08-16,23.69,22.7,23.74,22.7,5835016.0
2019-08-19,23.69,23.99,23.99,23.46,5318120.0
2019-08-20,23.79,23.61,23.83,23.29,7207524.0
2019-08-21,24.11,23.94,24.19,23.76,6583165.0
2019-08-22,24.14,24.12,24.42,24.05,4263045.0
2019-08-23,23.98,24.22,24.4,23.9,5871046.0
2019-08-26,24.26,24.1,24.27,23.95,3064005.0
2019-08-27,23.99,24.35,24.59,23.95,4227807.0
2019-08-28,24.04,24.0,24.06,23.93,2872545.0
2019-08-29,24.4,24.2,24.44,24.18,4064695.0
2019-08-30,24.95,24.5,25.02,24.5,3064774.0
2019-09-03,25.07,24.9,25.11,24.79,5279465.0
2019-09-04,25.22,25.3,25.46,25.02,3842760.0
2019-09-05,25.68,25.22,25.72,25.11,3816281.0
2019-09-06,25.53,25.75,25.88,25.4,4901762.0
2019-09-09,25.55,25.52,25.67,25.38,5314110.0
2019-09-10,25.62,25.63,26.12,25.59,6054081.0
2019-09-11,25.97,25.63,26.1,25.59,9105679.0
2019-09-12,26.27,26.01,26.49,25.98,3636642.0
2019-09-13,26.25,26.0,26.28,25.84,3741809.0
2019-09-16,26.56,26.26,26.68,26.12,4657788.0
2019-09-17,26.66,26.59,26.95,26.56,7369087.0
2019-09-18,26.75,26.71,26.83,26.48,6021591.0
2019-09-19,26.68,26.85,26.92,26.58,4211359.0
2019-09-20,27.14,26.8,27.19,26.66,9025729.0
2019-09-23,26.96,27.08,27.23,26.93,4127445.0
2019-09-24,26.98,27.02,27.21,26.71,4222891.0
2019-09-25,27.15,26.91,27.21,26.74,3996686.0
2019-09-26,26.88,27.15,27.16,26.76,3352506.0
2019-09-27,26.74,26.94,26.97,26.55,3232406.0
2019-09-30,26.73,26.62,26.88,26.59,4145150.0
2019-10-01,26.5,26.71,26.87,26.47,2711298.0
2019-10-02,26.12,26.39,26.46,26.12,5050888.0
2019-10-03,26.23,26.16,26.3,26.02,3153697.0
2019-10-04,26.93,26.34,26.93,26.17,2798995.0
2019-10-07,27.0,26.93,27.22,26.81,4629211.0
2019-10-08,27.14,26.94,27.48,26.82,4395539.0
2019-10-09,27.07,27.18,27.32,26.94,3086864.0
2019-10-10,26.92,27.05,27.05,26.75,3642484.0
2019-10-11,27.09,27.03,27.42,26.93,3626200.0
2019-10-14,26.97,27.23,27.23,26.91,2315320.0
2019-10-15,26.9,27.0,27.15,26.81,3632852.0
2019-10-16,26.66,26.84,26.94,26.54,3002327.0
2019-10-17,26.84,26.76,26.93,26.64,2904795.0
2019-10-18,26.79,26.84,26.95,26.57,4187611.0
2019-10-21,27.05,26.95,27.22,26.95,3259239.0
2019-10-22,27.1,27.12,27.21,26.94,2608694.0
2019-10-23,27.04,27.06,27.17,26.88,2594818.0
2019-10-24,26.99,27.17,27.17,26.85,2772792.0
2019-10-25,27.1,26.95,27.15,26.92,3156468.0
2019-10-28,26.99,27.14,27.24,26.98,2671698.0
2019-10-29,27.03,26.86,27.19,26.79,4228018.0
2019-10-30,27.25,27.08,27.29,26.83,4523856.0
2019-10-31,27.03,27.2,27.42,26.98,3560559.0
2019-11-01,27.17,27.09,27.28,26.95,3489878.0
2019-11-04,27.37,27.13,27.52,27.07,5001215.0
2019-11-05,26.36,27.56,27.96,26.33,6028413.0
2019-11-06,25.75,26.44,26.58,25.65,4233448.0
2019-11-07,26.21,26.23,26.73,25.83,5218995.0
2019-11-08,26.0,26.21,26.29,25.89,3823034.0
2019-11-11,26.09,26.04,26.22,26.01,3311058.0
2019-11-12,26.3,26.01,26.48,26.01,3348814.0
2019-11-13,26.0,26.29,26.29,25.98,3991868.0
2019-11-14,26.34,26.06,26.53,25.84,10555841.0
2019-11-15,26.2,26.39,26.51,26.13,7049782.0
2019-11-18,26.68,26.28,26.78,26.25,6275716.0
2019-11-19,26.44,26.72,26.72,26.2,4169595.0
2019-11-20,26.69,26.36,26.69,26.36,4800785.0
2019-11-21,26.44,26.72,26.8,26.27,3357332.0
2019-11-22,26.53,26.43,26.69,26.3,2878274.0
2019-11-25,26.27,26.5,26.7,26.17,2721099.0
2019-11-26,26.17,26.31,26.31,26.01,3042529.0
2019-11-27,26.48,26.28,26.51,26.14,1759272.0
2019-11-29,26.53,26.43,26.68,26.27,1477757.0
2019-12-02,26.46,26.52,26.69,26.44,3318020.0
2019-12-03,26.41,26.43,26.51,26.09,2967989.0
2019-12-04,25.11,25.73,25.73,24.95,15051677.0
2019-12-05,24.45,25.21,25.3,24.33,7106573.0
2019-12-06,24.09,24.48,24.59,24.01,7775342.0
2019-12-09,23.67,24.17,24.27,23.57,7543886.0
2019-12-10,23.84,23.9,24.06,23.44,7087547.0
2019-12-11,23.9,23.78,24.11,23.78,3455267.0
2019-12-12,24.05,24.0,24.24,23.92,3563202.0
2019-12-13,23.71,24.0,24.1,23.66,3236418.0
2019-12-16,24.24,23.68,24.31,23.66,6451177.0
2019-12-17,23.94,24.39,24.41,23.83,5751708.0
2019-12-18,23.88,23.9,24.19,23.74,5735302.0
2019-12-19,24.23,23.89,24.52,23.88,7397363.0
2019-12-20,24.01,24.28,24.6,23.94,9594466.0
2019-12-23,23.65,24.07,24.08,23.55,4750975.0
2019-12-24,23.49,23.68,23.71,23.44,1177011.0
2019-12-26,23.03,23.55,23.58,22.97,3350044.0
2019-12-27,22.82,23.0,23.09,22.65,4279765.0
2019-12-30,22.82,22.72,23.02,22.69,3846816.0
2019-12-31,22.99,22.74,23.05,22.72,3475937.0
2020-01-02,22.84,23.08,23.08,22.63,3934921.0
2020-01-03,23.08,22.72,23.13,22.72,3768199.0
2020-01-06,22.69,23.04,23.14,22.61,4902840.0
2020-01-07,22.83,22.61,22.88,22.54,4698124.0
2020-01-08,23.13,22.79,23.22,22.7,5776851.0
2020-01-09,22.86,23.15,23.22,22.83,3955944.0
2020-01-10,22.76,22.86,23.07,22.67,4132506.0
2020-01-13,22.53,22.72,22.86,22.5,5545652.0
2020-01-14,22.67,22.51,22.74,22.48,3805829.0
2020-01-15,22.73,22.6,23.01,22.6,4738638.0
2020-01-16,23.2,22.81,23.43,22.81,6538147.0
2020-01-17,22.94,23.26,23.36,22.93,3206931.0
2020-01-21,22.71,22.93,22.99,22.7,3649395.0
2020-01-22,22.74,22.83,23.02,22.69,2716046.0
2020-01-23,22.96,22.77,23.01,22.63,3560793.0
2020-01-24,22.17,22.88,22.94,22.06,3761289.0
2020-01-27,21.65,22.01,22.09,21.65,3033253.0
2020-01-28,21.54,21.71,21.79,21.54,2610419.0
2020-01-29,22.13,21.51,22.22,21.36,5300231.0
2020-01-30,22.41,22.16,22.45,21.82,4794847.0
2020-01-31,22.52,22.3,22.6,22.22,5016388.0
2020-02-03,22.57,22.53,22.75,22.37,3294270.0
2020-02-04,22.04,22.68,22.83,22.04,3919645.0
2020-02-05,21.93,22.07,22.51,21.85,4304254.0
2020-02-06,21.72,21.96,22.01,21.72,3945318.0
2020-02-07,22.3,21.74,22.36,21.74,4715534.0
2020-02-10,22.27,22.3,22.38,22.07,2971351.0
2020-02-11,22.98,22.37,23.44,22.33,9173354.0
2020-02-12,22.93,22.83,23.2,22.83,5164391.0
2020-02-13,23.07,22.93,23.09,22.86,1847176.0
2020-02-14,23.29,23.13,23.3,23.06,3255076.0
2020-02-18,23.36,23.38,23.6,23.16,4229062.0
2020-02-19,22.69,23.4,23.46,22.68,3211129.0
2020-02-20,22.91,22.71,22.96,22.59,3439149.0
2020-02-21,23.43,22.87,23.46,22.79,4080442.0
2020-02-24,22.98,23.18,23.19,22.62,3824408.0
2020-02-25,22.14,23.04,23.28,22.13,6927068.0
2020-02-26,21.68,22.32,22.63,21.67,6505708.0
2020-02-27,20.59,21.58,21.6,20.46,7335171.0
2020-02-28,19.23,20.43,20.43,18.75,12490354.0
2020-03-02,20.14,19.3,20.24,18.94,8020816.0
2020-03-03,20.25,20.25,21.03,20.1,5850379.0
2020-03-04,21.05,20.52,21.08,20.42,5557898.0
2020-03-05,20.64,20.88,21.0,20.38,4195658.0
2020-03-06,20.53,19.91,20.83,19.84,3901633.0
2020-03-09,18.43,19.04,19.32,18.04,7633811.0
2020-03-10,19.34,18.97,19.38,17.89,5197139.0
2020-03-11,17.79,18.76,18.94,17.27,10648702.0
2020-03-12,14.55,16.36,16.75,14.27,9958389.0
2020-03-13,15.49,15.41,15.91,14.51,8630299.0
2020-03-16,13.69,14.26,15.48,13.5,6744132.0
2020-03-17,12.89,14.07,14.38,12.67,5373884.0
2020-03-18,12.6,11.95,13.04,11.3,8804365.0
2020-03-19,14.22,12.43,14.44,12.34,7457717.0
2020-03-20,14.08,14.6,14.73,13.83,11100636.0
2020-03-23,12.92,14.03,14.12,12.71,9830688.0
2020-03-24,14.61,13.73,15.02,13.68,6688247.0
2020-03-25,14.69,14.57,15.53,13.86,6976628.0
2020-03-26,15.79,14.84,16.21,14.26,7048646.0
2020-03-27,16.39,15.21,16.71,14.72,8320249.0
2020-03-30,16.06,16.49,16.63,15.46,4086321.0
2020-03-31,15.96,15.83,16.26,15.6,5444724.0
2020-04-01,15.33,15.27,15.46,15.04,4538303.0
2020-04-02,15.98,15.16,16.03,15.09,6450688.0
2020-04-03,15.83,15.85,16.15,15.6,7277775.0
2020-04-06,16.02,16.49,16.82,15.73,6203357.0
2020-04-07,16.3,16.6,16.97,16.26,4790592.0
2020-04-08,17.46,16.4,17.53,16.31,2911929.0
2020-04-09,17.79,17.78,18.69,17.42,3392711.0
2020-04-13,17.14,17.69,17.74,16.47,2806929.0
2020-04-14,17.42,17.46,17.71,16.97,4031938.0
2020-04-15,16.19,16.87,16.97,15.98,5432387.0
2020-04-16,16.1,16.27,16.32,15.77,5681002.0
2020-04-17,17.54,16.5,17.63,16.41,3939855.0
2020-04-20,16.89,17.22,17.59,16.68,5253647.0
2020-04-21,17.02,16.53,17.08,16.36,3881781.0
2020-04-22,17.64,17.39,17.73,17.07,2847333.0
2020-04-23,17.5,17.75,17.77,17.37,2386304.0
2020-04-24,18.04,17.52,18.23,17.46,1728422.0
2020-04-27,18.95,18.39,19.07,18.13,3005916.0
2020-04-28,19.21,19.33,19.94,19.07,3901545.0
2020-04-29,19.75,19.79,20.2,19.47,5214854.0
2020-04-30,19.54,19.55,19.69,19.08,3620101.0
2020-05-01,19.35,19.16,19.52,18.85,3528406.0
2020-05-04,18.97,19.15,19.25,18.65,3782968.0
2020-05-05,18.72,20.68,20.68,18.68,5480710.0
2020-05-06,18.23,18.76,18.87,18.04,3254588.0
2020-05-07,17.95,18.42,18.54,17.88,4784157.0
2020-05-08,18.9,18.23,19.11,18.09,2832176.0
2020-05-11,18.32,18.72,18.72,18.14,3006522.0
2020-05-12,18.1,18.27,18.5,18.03,2912973.0
2020-05-13,17.82,18.01,18.25,17.5,4913701.0
2020-05-14,18.71,17.71,18.75,17.61,3079307.0
2020-05-15,18.57,18.49,18.85,18.37,3128873.0
2020-05-18,19.92,19.22,20.03,19.22,4309305.0
2020-05-19,19.53,19.84,20.03,19.53,2721233.0
2020-05-20,19.99,19.8,20.59,19.79,4293266.0
2020-05-21,19.6,19.85,20.02,19.58,3200992.0
2020-05-22,19.81,19.54,19.84,19.31,1969814.0
2020-05-26,19.72,20.44,20.48,19.6,5149013.0
2020-05-27,20.12,20.05,20.12,19.57,3482074.0
2020-05-28,20.81,20.3,20.93,20.12,4079295.0
2020-05-29,20.44,20.76,20.94,20.14,6248623.0
2020-06-01,20.94,20.34,21.02,20.34,3143240.0
2020-06-02,20.63,21.04,21.27,20.52,4414316.0
2020-06-03,20.81,20.84,20.94,20.49,3274932.0
2020-06-04,20.28,20.74,20.84,19.94,3980251.0
2020-06-05,20.87,20.82,21.39,20.65,4144338.0
2020-06-08,22.0,21.21,22.02,21.0,6981735.0
2020-06-09,21.17,21.99,21.99,21.01,4253677.0
2020-06-10,21.22,21.16,21.43,20.54,4236248.0
2020-06-11,19.75,20.59,20.62,19.5,3252713.0
2020-06-12,20.2,20.31,20.56,19.73,3995237.0
2020-06-15,19.87,19.59,20.16,19.3,2956013.0
2020-06-16,20.49,20.46,21.0,20.22,4609309.0
2020-06-17,20.28,20.53,20.71,20.02,4985094.0
2020-06-18,20.29,20.08,20.43,20.02,4700220.0
2020-06-19,19.83,20.57,20.63,19.8,7350544.0
2020-06-22,19.65,19.8,19.84,19.29,4778787.0
2020-06-23,18.89,19.72,19.76,18.76,5686856.0
2020-06-24,18.61,18.67,18.88,18.42,4047973.0
2020-06-25,18.87,18.58,18.9,18.38,3236557.0
2020-06-26,18.13,18.73,18.8,17.82,8432857.0
2020-06-29,18.74,18.3,18.76,17.99,3143167.0
2020-06-30,18.62,18.6,18.72,18.32,4084704.0
2020-07-01,19.14,18.62,19.25,18.54,4010476.0
2020-07-02,19.04,19.39,19.47,18.94,2715248.0
2020-07-06,19.28,19.34,19.53,19.05,2113665.0
2020-07-07,18.98,19.11,19.11,18.9,2621782.0
2020-07-08,19.56,19.06,19.67,18.94,2757630.0
2020-07-09,19.0,19.44,19.44,18.71,2586180.0
2020-07-10,18.87,19.0,19.22,18.83,3180288.0
2020-07-13,19.11,18.96,19.49,18.85,3540996.0
2020-07-14,19.19,19.02,19.38,18.95,2102300.0
2020-07-15,19.3,19.39,19.57,19.17,2307135.0
2020-07-16,19.4,19.21,19.62,19.19,3494123.0
2020-07-17,19.62,19.41,19.7,19.41,1299926.0
2020-07-20,19.1,19.53,19.62,18.95,4409521.0
2020-07-21,19.24,19.18,19.62,19.15,2580514.0
2020-07-22,19.52,19.12,19.63,18.91,4823742.0
2020-07-23,19.16,19.46,19.62,19.07,5562171.0
2020-07-24,18.88,19.19,19.48,18.69,4421534.0
2020-07-27,18.2,18.88,18.88,18.0,4709527.0
2020-07-28,18.44,18.26,18.75,18.19,3488897.0
2020-07-29,18.87,18.48,18.91,18.44,2473983.0
2020-07-30,18.8,18.64,18.86,18.23,1871805.0
2020-07-31,18.66,18.79,18.86,18.43,2507794.0
2020-08-03,18.76,18.63,18.8,18.29,2381115.0
2020-08-04,18.76,18.73,19.23,18.69,4298030.0
2020-08-05,18.26,19.0,19.39,18.1,4892575.0
2020-08-06,18.83,18.13,18.97,18.13,2813348.0
2020-08-07,18.9,18.73,19.15,18.49,3988090.0
2020-08-10,19.2,18.93,19.27,18.81,2411853.0
2020-08-11,18.89,19.38,19.66,18.85,2131275.0
2020-08-12,19.34,19.08,19.44,19.02,2371774.0
2020-08-13,19.11,19.27,19.33,18.99,1064094.0
2020-08-14,19.05,18.93,19.2,18.8,1314085.0
2020-08-17,19.35,19.13,19.4,18.99,2235566.0
2020-08-18,20.14,19.4,20.4,19.35,6412278.0
2020-08-19,19.73,20.21,20.21,19.69,2396322.0
2020-08-20,19.4,19.6,19.75,19.34,2011031.0
2020-08-21,19.1,19.31,19.53,19.05,3064487.0
2020-08-24,19.3,19.16,19.41,18.9,1748542.0
2020-08-25,19.14,19.41,19.51,19.0,1774339.0
2020-08-26,18.76,19.0,19.02,18.48,2115836.0
2020-08-27,19.1,18.83,19.14,18.72,2436019.0
2020-08-28,19.3,19.25,19.33,18.96,1024558.0
2020-08-31,19.23,19.34,19.48,19.19,2526861.0
2020-09-01,18.76,19.11,19.11,18.68,2035939.0
2020-09-02,19.29,18.79,19.44,18.51,1801369.0
2020-09-03,18.75,19.26,19.52,18.67,2073365.0
2020-09-04,18.23,18.77,18.9,18.03,2335513.0
2020-09-08,17.85,18.23,18.4,17.75,2845364.0
2020-09-09,18.42,18.08,18.62,18.06,2202406.0
2020-09-10,18.09,18.38,18.42,18.08,1860401.0
2020-09-11,18.51,18.42,18.51,17.93,2949376.0
2020-09-14,18.87,18.51,18.88,18.25,2870607.0
2020-09-15,18.42,18.76,18.76,18.36,4226353.0
2020-09-16,18.61,18.32,18.83,18.3,4199126.0
2020-09-17,18.28,18.47,18.5,18.11,4662636.0
2020-09-18,18.11,18.25,18.5,18.02,4087938.0
2020-09-21,17.89,17.81,18.1,17.67,3735509.0
2020-09-22,17.82,18.08,18.19,17.68,4104781.0
2020-09-23,17.96,17.89,18.14,17.82,3740743.0
2020-09-24,17.99,17.95,18.11,17.64,2826136.0
2020-09-25,18.01,17.9,18.11,17.76,2254053.0
2020-09-28,17.97,18.16,18.21,17.94,3744443.0
2020-09-29,18.53,18.15,18.86,18.15,7924874.0
2020-09-30,18.86,18.67,18.98,18.33,7880591.0
2020-10-01,17.89,18.94,18.96,17.86,5313130.0
2020-10-02,17.99,17.44,18.04,17.21,4148586.0
2020-10-05,17.81,18.04,18.23,17.79,5854756.0
2020-10-06,17.95,17.85,18.22,17.74,6048178.0
2020-10-07,17.83,18.0,18.04,17.76,5703924.0
2020-10-08,18.28,17.94,18.31,17.9,5189830.0
2020-10-09,17.99,18.36,18.43,17.99,3355028.0
2020-10-12,18.0,17.94,18.18,17.78,3887094.0
2020-10-13,18.03,17.9,18.15,17.69,5466532.0
2020-10-14,18.76,18.1,19.02,18.07,4168257.0
2020-10-15,18.75,18.55,19.07,18.44,2359138.0
2020-10-16,19.02,18.79,19.27,18.66,2403359.0
2020-10-19,18.81,19.09,19.13,18.81,2181326.0
2020-10-20,18.95,18.95,19.2,18.8,2256413.0
2020-10-21,18.94,18.77,19.15,18.72,2491661.0
2020-10-22,19.06,18.99,19.2,18.65,1870657.0
2020-10-23,19.28,19.22,19.37,19.02,1619891.0
2020-10-26,19.09,19.14,19.2,18.75,1970733.0
2020-10-27,18.44,19.0,19.26,18.37,3817533.0
2020-10-28,17.35,18.13,18.22,17.31,4081999.0
2020-10-29,17.34,17.19,17.53,16.91,3114577.0
2020-10-30,17.37,17.31,17.66,17.23,3814098.0
2020-11-02,17.74,17.59,17.91,17.42,5900503.0
2020-11-03,18.39,18.05,18.68,18.03,4045957.0
2020-11-04,18.34,18.6,18.88,18.06,3310902.0
2020-11-05,18.49,18.53,18.98,18.34,2319120.0
2020-11-06,18.26,18.37,18.73,18.24,2246662.0
2020-11-09,18.91,19.01,19.65,18.64,4572048.0
2020-11-10,20.18,18.99,20.2,18.85,4548275.0
2020-11-11,19.64,20.21,20.32,19.41,3424332.0
2020-11-12,19.03,19.71,19.86,18.83,3935598.0
2020-11-13,19.73,19.17,19.85,19.17,2627979.0
2020-11-16,19.8,20.0,20.16,19.57,2926619.0
2020-11-17,19.33,19.6,19.8,19.11,2616820.0
2020-11-18,18.62,19.35,19.49,18.61,3479874.0
2020-11-19,18.53,18.57,18.73,18.18,2767627.0
2020-11-20,18.2,18.45,18.69,18.18,1986023.0
2020-11-23,18.57,18.34,18.67,18.32,2000795.0
2020-11-24,19.37,18.84,19.38,18.6,3167410.0
2020-11-25,19.47,19.37,19.58,19.24,2248627.0
2020-11-27,19.59,19.51,19.65,19.46,1391521.0
2020-11-30,18.68,19.59,19.68,18.58,4662997.0
2020-12-01,18.78,18.75,19.12,18.69,2870708.0
2020-12-02,18.87,18.64,18.89,18.5,1826152.0
2020-12-03,18.77,18.84,18.95,18.61,2436044.0
2020-12-04,19.15,18.89,19.24,18.88,2386660.0
2020-12-07,18.97,19.2,19.2,18.66,3878086.0
2020-12-08,18.95,18.81,18.97,18.53,3582500.0
2020-12-09,19.01,19.0,19.14,18.83,2899387.0
2020-12-10,18.82,19.01,19.08,18.68,3680800.0
2020-12-11,18.28,18.64,18.72,18.22,3996202.0
2020-12-14,18.14,18.51,18.62,17.99,5023447.0
2020-12-15,18.46,18.2,18.52,17.96,4275138.0
2020-12-16,18.08,18.53,18.55,17.91,3895270.0
2020-12-17,17.93,17.98,18.11,17.79,4917165.0
2020-12-18,17.65,17.9,18.08,17.58,5601801.0
2020-12-21,17.56,17.74,17.78,17.39,5939064.0
2020-12-22,18.13,17.77,18.16,17.68,4622099.0
2020-12-23,18.47,18.25,18.57,18.08,3578054.0
2020-12-24,18.71,18.79,18.8,18.48,1503669.0
2020-12-28,19.12,18.8,19.16,18.77,2374781.0
2020-12-29,18.9,19.2,19.33,18.86,2394842.0
2020-12-30,19.49,18.82,19.53,18.8,3236260.0
2020-12-31,19.66,19.56,19.75,19.4,2650454.0
2021-01-04,19.18,19.64,19.73,19.16,3737265.0
2021-01-05,19.82,19.16,20.05,19.13,4014409.0
2021-01-06,20.29,20.01,20.9,20.01,5379498.0
2021-01-07,20.18,20.3,20.61,20.12,3343743.0
2021-01-08,20.99,20.3,21.06,20.28,4280882.0
2021-01-11,21.17,20.74,21.27,20.56,4896956.0
2021-01-12,21.56,21.26,21.72,21.2,3927380.0
2021-01-13,21.8,21.55,21.98,21.46,3054154.0
2021-01-14,21.33,21.87,21.9,21.31,4130103.0
2021-01-15,21.51,21.29,21.69,21.23,4013573.0
2021-01-19,21.71,21.66,21.88,21.51,3681946.0
2021-01-20,21.42,21.71,21.82,21.31,4582284.0
2021-01-21,21.19,21.37,21.46,20.96,4556958.0
2021-01-22,21.34,21.05,21.43,20.79,3934837.0
2021-01-25,20.85,21.23,21.52,20.84,4917996.0
2021-01-26,20.8,20.85,20.94,20.68,3955243.0
2021-01-27,20.18,20.55,20.9,20.18,5036278.0
2021-01-28,20.18,20.16,20.48,19.78,3319175.0
2021-01-29,19.97,20.06,20.48,19.97,3904238.0
2021-02-01,20.37,20.02,20.55,19.92,3389121.0
2021-02-02,20.82,20.57,21.12,20.47,4558339.0
2021-02-03,21.3,20.64,21.73,20.55,7976166.0
2021-02-04,21.09,21.35,21.43,20.86,4385440.0
2021-02-05,21.05,21.26,21.27,20.93,2866808.0
2021-02-08,21.04,21.1,21.37,20.84,3621455.0
2021-02-09,21.33,21.12,21.47,20.98,2680611.0
2021-02-10,21.45,21.53,21.59,21.08,2079025.0
2021-02-11,21.52,21.49,21.63,21.34,3887962.0
2021-02-12,21.33,21.58,21.61,21.22,2375300.0
2021-02-16,21.91,21.99,22.12,21.71,6371457.0
2021-02-17,22.01,22.0,22.3,21.71,4514413.0
2021-02-18,23.15,22.14,23.3,22.02,9159863.0
2021-02-19,22.91,23.24,23.34,22.8,5536413.0
2021-02-22,23.05,23.0,23.23,22.72,5784082.0
2021-02-23,23.38,23.05,23.48,22.46,6475118.0
2021-02-24,23.83,23.56,24.2,23.41,5513962.0
2021-02-25,22.76,23.74,24.01,22.73,7078872.0
2021-02-26,17.25,18.66,19.2,17.12,29798940.0
2021-03-01,17.41,18.01,18.3,17.37,21197695.0
2021-03-02,16.7,17.51,17.51,16.69,12942768.0
2021-03-03,16.43,16.6,16.79,16.2,12035112.0
2021-03-04,17.49,16.65,17.57,16.47,10713428.0
2021-03-05,17.82,17.87,18.09,17.32,7587249.0
2021-03-08,18.88,18.07,19.18,18.04,7913413.0
2021-03-09,18.65,18.9,19.36,18.54,8210084.0
2021-03-10,19.52,18.63,19.57,18.63,7075884.0
2021-03-11,18.81,19.5,19.63,18.31,8720911.0
2021-03-12,18.4,18.86,19.02,18.16,12757344.0
2021-03-15,18.59,18.4,18.64,18.22,8236386.0
2021-03-16,18.12,18.31,18.31,17.92,6541198.0
2021-03-17,17.29,17.01,17.71,17.01,10168453.0
2021-03-18,16.79,17.16,17.3,16.77,7973698.0
2021-03-19,17.3,16.8,17.35,16.64,8380723.0
2021-03-22,16.7,17.16,17.34,16.63,7602447.0
2021-03-23,16.7,16.79,17.1,16.63,6574169.0
2021-03-24,16.82,16.66,17.19,16.6,6247352.0
2021-03-25,17.05,16.88,17.28,16.61,6400899.0
2021-03-26,16.87,17.08,17.19,16.6,4641358.0
2021-03-29,17.62,16.83,17.74,16.77,6447799.0
2021-03-30,17.81,17.61,17.82,17.45,4370272.0
2021-03-31,17.68,17.87,17.94,17.67,4724139.0
2021-04-01,17.72,17.65,17.74,17.35,3120547.0
2021-04-05,17.68,17.9,17.99,17.51,3738504.0
2021-04-06,17.88,17.5,18.01,17.47,5133736.0
2021-04-07,17.69,17.85,17.93,17.6,3215381.0
2021-04-08,17.6,17.73,17.8,17.55,2668703.0
2021-04-09,17.5,17.54,17.65,17.25,4556341.0
2021-04-12,17.16,17.48,17.61,17.12,4963827.0
2021-04-13,17.55,17.15,17.65,17.01,4713157.0
2021-04-14,17.63,17.75,17.82,17.52,3580230.0
2021-04-15,17.92,17.63,17.92,17.63,3589293.0
2021-04-16,17.8,17.96,18.01,17.73,4379849.0
2021-04-19,17.86,18.0,18.02,17.81,4248305.0
2021-04-20,17.81,17.83,18.06,17.72,4265153.0
2021-04-21,17.76,17.75,17.91,17.65,4484673.0
2021-04-22,17.42,17.83,17.99,17.41,5103531.0
2021-04-23,17.49,17.42,17.53,17.23,3213492.0
2021-04-26,17.05,16.83,17.42,16.63,8312648.0
2021-04-27,16.84,17.0,17.06,16.74,5618097.0
2021-04-28,16.79,16.76,16.88,16.72,5003787.0
2021-04-29,17.06,16.89,17.32,16.84,6223633.0
2021-04-30,16.87,16.99,17.08,16.76,4121154.0
2021-05-03,16.8,16.91,17.06,16.8,3636420.0
2021-05-04,16.29,16.86,16.86,16.29,7868317.0
2021-05-05,16.26,16.32,16.4,15.7,14499092.0
2021-05-06,16.06,16.24,16.32,15.52,9773344.0
2021-05-07,16.05,16.06,16.06,15.47,11042571.0
2021-05-10,16.01,16.24,16.45,16.0,4886249.0
2021-05-11,16.33,16.12,16.43,16.02,7179093.0
2021-05-12,16.0,16.34,16.53,15.98,7436462.0
2021-05-13,16.06,16.07,16.35,15.94,6655535.0
2021-05-14,16.38,16.17,16.69,16.16,4340658.0
2021-05-17,15.92,16.22,16.32,15.76,6588221.0
2021-05-18,16.15,15.91,16.34,15.8,5170971.0
2021-05-19,16.53,15.97,16.56,15.86,5856090.0
2021-05-20,16.48,16.69,16.9,16.47,8113158.0
2021-05-21,16.68,16.57,16.8,16.51,4327742.0
2021-05-24,16.66,16.82,16.86,16.43,3053198.0
2021-05-25,16.18,16.55,16.68,16.17,5289347.0
2021-05-26,16.23,16.15,16.37,16.06,4062333.0
2021-05-27,16.06,16.24,16.32,15.91,7598530.0
2021-05-28,16.17,16.01,16.23,15.95,6334895.0
2021-06-01,16.45,16.3,16.53,16.18,6135234.0
2021-06-02,16.75,16.5,16.84,16.33,6838695.0
2021-06-03,17.37,16.31,17.46,16.06,8379997.0
2021-06-04,17.4,17.3,17.46,17.14,6969469.0
2021-06-07,17.61,17.46,17.73,17.3,5554309.0
2021-06-08,18.15,17.66,18.28,17.52,7152831.0
2021-06-09,18.28,18.24,18.37,18.08,4303882.0
2021-06-10,18.17,18.34,18.34,17.94,3314191.0
2021-06-11,18.63,18.25,18.65,18.16,3584260.0
2021-06-14,18.39,18.63,18.67,18.24,3615576.0
2021-06-15,18.41,18.28,18.49,18.08,3242742.0
2021-06-16,18.14,18.45,18.57,17.96,4213485.0
2021-06-17,18.15,18.12,18.21,17.98,4186848.0
2021-06-18,17.47,18.06,18.1,17.42,4557629.0
2021-06-21,17.92,17.64,17.96,17.57,3130161.0
2021-06-22,17.88,17.87,18.04,17.74,5578169.0
2021-06-23,17.75,17.88,17.94,17.7,2634627.0
2021-06-24,18.25,17.76,18.28,17.63,3520918.0
2021-06-25,18.39,18.25,18.49,18.18,4748286.0
2021-06-28,18.81,18.4,18.84,18.22,4082669.0
2021-06-29,18.39,18.87,18.94,18.31,4640614.0
2021-06-30,18.55,18.41,18.62,18.19,4950831.0
2021-07-01,18.88,18.65,18.97,18.58,3824025.0
2021-07-02,19.04,18.91,19.24,18.73,4047638.0
2021-07-06,18.34,18.98,19.02,18.05,5254030.0
2021-07-07,19.39,18.61,19.53,18.55,9637415.0
2021-07-08,18.75,19.05,19.06,18.65,6707643.0
2021-07-09,19.32,19.2,19.57,19.09,4442606.0
2021-07-12,19.31,19.21,19.31,18.98,3596224.0
2021-07-13,18.82,19.39,19.39,18.79,3290852.0
2021-07-14,18.8,18.82,19.02,18.74,2202789.0
2021-07-15,18.82,18.63,18.9,18.47,3170634.0
2021-07-16,18.81,18.94,19.13,18.76,3520536.0
2021-07-19,17.79,18.5,18.63,17.72,3924616.0
2021-07-20,18.19,17.84,18.31,17.84,4331847.0
2021-07-21,18.32,18.19,18.58,18.15,2709460.0
2021-07-22,18.83,18.67,18.91,18.43,4007832.0
2021-07-23,19.1,18.77,19.14,18.69,2679835.0
2021-07-26,19.1,19.07,19.34,18.89,2420523.0
2021-07-27,19.27,19.08,19.29,18.74,2575895.0
2021-07-28,19.47,19.3,19.49,19.09,4169549.0
2021-07-29,19.38,19.55,19.6,19.34,2352094.0
2021-07-30,19.15,19.28,19.56,19.11,3068163.0
2021-08-02,18.98,19.25,19.35,18.96,2968555.0
2021-08-03,18.95,18.91,19.2,18.85,2780064.0
2021-08-04,18.91,18.82,19.05,18.55,3187044.0
2021-08-05,18.27,18.4,18.66,17.85,6675868.0
2021-08-06,18.56,18.36,18.83,18.33,3351112.0
2021-08-09,18.89,18.61,18.91,18.52,3742766.0
2021-08-10,18.49,18.89,18.89,18.36,3325686.0
2021-08-11,18.35,18.41,18.52,18.2,2667874.0
2021-08-12,18.39,18.42,18.45,18.06,3001044.0
2021-08-13,18.4,18.37,18.49,18.32,2053217.0
2021-08-16,17.98,18.27,18.43,17.96,2426722.0
2021-08-17,18.15,17.95,18.2,17.81,3109309.0
2021-08-18,18.01,18.05,18.21,17.92,2076778.0
2021-08-19,17.8,17.91,18.12,17.78,3253342.0
2021-08-20,18.13,17.86,18.17,17.7,2324298.0
2021-08-23,18.03,18.07,18.13,17.96,2238628.0
2021-08-24,18.45,18.2,18.54,18.11,2976618.0
2021-08-25,19.0,18.54,19.08,18.39,3451716.0
2021-08-26,18.49,18.95,19.05,18.47,3668196.0
2021-08-27,18.68,18.56,18.72,18.42,3894407.0
2021-08-30,18.85,18.75,19.06,18.7,3329513.0
2021-08-31,19.09,18.89,19.09,18.8,3581029.0
2021-09-01,19.15,19.24,19.38,19.09,2955921.0
2021-09-02,19.28,19.15,19.4,19.13,3578838.0
2021-09-03,19.11,19.19,19.27,18.99,1614892.0
2021-09-07,18.84,19.01,19.11,18.81,2928339.0
2021-09-08,19.2,18.81,19.29,18.71,2158580.0
2021-09-09,18.9,19.16,19.23,18.74,2363670.0
2021-09-10,18.44,19.0,19.0,18.43,2022973.0
2021-09-13,18.6,18.58,18.73,18.4,2038328.0
2021-09-14,18.0,18.68,18.68,17.99,3601251.0
2021-09-15,18.44,17.85,18.44,17.79,3131684.0
2021-09-16,17.9,18.3,18.31,17.84,3226139.0
2021-09-17,17.79,18.0,18.08,17.76,6338266.0
2021-09-20,17.35,17.65,17.82,16.93,6400671.0
2021-09-21,17.39,17.49,17.69,17.39,5828570.0
2021-09-22,17.43,17.55,17.73,17.42,2420498.0
2021-09-23,17.61,17.63,17.85,17.51,4454619.0
2021-09-24,17.56,17.7,17.85,17.56,4287132.0
2021-09-27,17.11,17.55,17.64,17.09,5177840.0
2021-09-28,16.77,17.04,17.11,16.72,4795190.0
2021-09-29,16.95,16.74,17.06,16.51,4766176.0
2021-09-30,17.1,17.35,17.56,17.09,5832139.0
2021-10-01,16.85,17.21,17.22,16.7,4198765.0
2021-10-04,17.02,16.72,17.19,16.69,3331993.0
2021-10-05,17.36,17.08,17.37,17.0,6159560.0
2021-10-06,17.58,17.19,17.62,17.03,3827448.0
2021-10-07,17.95,17.61,18.09,17.5,6470905.0
2021-10-08,17.9,17.97,18.33,17.88,3097394.0
2021-10-11,17.57,17.9,18.04,17.55,2446479.0
2021-10-12,17.84,17.53,17.93,17.46,2837138.0
2021-10-13,19.81,19.5,19.9,19.25,15379817.0
2021-10-14,19.57,19.96,20.1,19.49,6521667.0
2021-10-15,19.68,19.69,19.87,19.43,3273347.0
2021-10-18,19.33,19.47,19.53,19.25,10655048.0
2021-10-19,19.21,19.54,19.63,19.19,2754829.0
2021-10-20,19.31,19.22,19.54,19.17,2053584.0
2021-10-21,19.1,19.17,19.34,19.03,2516802.0
2021-10-22,19.11,19.12,19.33,18.98,2656295.0
2021-10-25,19.5,19.07,19.56,19.07,6030593.0
2021-10-26,19.5,19.5,19.75,19.36,3051219.0
2021-10-27,19.66,19.5,19.75,19.4,3035227.0
2021-10-28,19.85,19.65,19.89,19.65,2572288.0
2021-10-29,19.59,19.67,19.86,19.53,3176010.0
2021-11-01,20.01,19.6,20.11,19.54,2756453.0
2021-11-02,19.87,20.01,20.02,19.63,4005955.0
2021-11-03,19.68,19.67,19.91,19.56,2460075.0
2021-11-04,19.21,19.53,19.58,18.93,6093516.0
2021-11-05,20.5,20.0,20.79,19.95,9136063.0
2021-11-08,19.74,20.56,20.6,19.68,5651027.0
2021-11-09,19.34,19.93,19.93,19.3,3353850.0
2021-11-10,19.44,19.21,19.73,19.2,2271474.0
2021-11-11,19.6,19.6,19.72,19.35,2689543.0
2021-11-12,19.65,19.65,19.79,19.59,2396539.0
2021-11-15,20.46,19.75,20.48,19.65,2727065.0
2021-11-16,20.44,20.55,20.59,20.42,5736511.0
2021-11-17,20.2,20.39,20.45,20.06,1798672.0
2021-11-18,20.15,20.12,20.24,19.97,2977486.0
2021-11-19,20.05,20.08,20.18,19.8,4026344.0
2021-11-22,20.28,20.05,20.7,19.93,4515286.0
2021-11-23,20.62,20.27,20.97,20.21,6669534.0
2021-11-24,20.62,20.51,20.82,20.51,2546082.0
2021-11-26,20.16,20.09,20.35,19.92,4147401.0
2021-11-29,20.09,20.4,20.4,19.65,4114408.0
2021-11-30,19.88,19.94,20.43,19.79,8850579.0
2021-12-01,20.55,20.19,21.01,20.16,5950095.0
2021-12-02,20.96,20.73,21.26,20.66,6267670.0
2021-12-03,20.71,21.05,21.1,20.57,4142992.0
2021-12-06,20.92,20.93,21.08,20.72,4810659.0
2021-12-07,20.93,20.95,21.3,20.85,3876531.0
2021-12-08,21.21,20.83,21.27,20.83,3836633.0
2021-12-09,20.89,21.19,21.24,20.84,2682150.0
2021-12-10,21.02,20.96,21.07,20.83,2852434.0
2021-12-13,20.73,20.77,21.02,20.68,3952653.0
2021-12-14,20.77,20.68,21.12,20.67,4358092.0
2021-12-15,20.7,20.72,20.81,20.44,4531020.0
2021-12-16,20.93,20.7,21.23,20.65,3057851.0
2021-12-17,21.23,20.82,21.36,20.68,3848322.0
2021-12-20,21.09,21.0,21.16,20.74,2604035.0
2021-12-21,21.81,21.3,21.86,21.26,3112660.0
2021-12-22,22.33,21.81,22.35,21.72,4211043.0
2021-12-23,22.03,22.36,22.49,22.03,3279675.0
2021-12-27,22.19,22.05,22.21,21.85,2283591.0
2021-12-28,22.05,22.21,22.32,21.94,1864305.0
2021-12-29,21.87,22.0,22.06,21.82,2895414.0
2021-12-30,22.39,21.88,22.47,21.88,7636103.0
2021-12-31,22.77,22.3,22.87,22.24,3243512.0
2022-01-03,22.74,22.82,22.95,22.34,3925059.0
2022-01-04,22.52,22.77,22.96,22.49,4573073.0
2022-01-05,22.11,22.48,22.76,22.09,4037960.0
2022-01-06,22.32,22.18,22.36,21.96,5284295.0
2022-01-07,22.71,22.32,22.76,22.11,6078308.0
2022-01-10,22.46,22.67,22.78,22.39,4341909.0
2022-01-11,22.51,22.55,22.67,22.32,6657133.0
2022-01-12,22.93,22.46,22.99,22.43,7344458.0
2022-01-13,22.61,22.9,22.91,22.53,3709105.0
2022-01-14,22.59,22.61,22.64,22.36,2994310.0
2022-01-18,22.44,22.54,22.76,22.38,4216411.0
2022-01-19,22.48,22.51,22.67,22.38,7263295.0
2022-01-20,21.73,22.53,22.8,21.7,5162733.0
2022-01-21,21.72,21.64,22.02,21.42,4244498.0
2022-01-24,21.96,21.5,22.01,21.27,6039809.0
2022-01-25,21.67,21.75,21.97,21.45,5173314.0
2022-01-26,21.53,21.96,22.24,21.38,5819796.0
2022-01-27,21.31,21.77,21.95,21.15,4855931.0
2022-01-28,21.67,21.29,21.68,21.14,4707921.0
2022-01-31,21.81,21.63,21.91,21.63,6126055.0
2022-02-01,21.65,21.97,21.99,21.44,4526710.0
2022-02-02,22.24,21.81,22.26,21.53,6964119.0
2022-02-03,21.85,21.78,22.15,21.54,3931228.0
2022-02-04,21.83,21.71,22.01,21.26,5343992.0
2022-02-07,21.98,21.87,22.12,21.57,4638854.0
2022-02-08,22.27,22.03,22.37,21.91,4338034.0
2022-02-09,22.49,22.45,22.68,22.34,4984646.0
2022-02-10,22.08,22.22,22.53,22.01,5460189.0
2022-02-11,21.81,22.16,22.35,21.63,4527201.0
2022-02-14,21.6,21.76,21.91,21.24,4181034.0
2022-02-15,21.79,21.87,21.95,21.65,2605459.0
2022-02-16,21.72,21.72,21.91,21.61,2270839.0
2022-02-17,21.49,21.57,21.72,21.48,2465623.0
2022-02-18,21.45,21.45,21.75,21.34,2877326.0
2022-02-22,21.21,21.26,21.6,21.11,3681924.0
2022-02-23,20.81,21.2,21.41,20.81,4535171.0
2022-02-24,21.68,20.5,21.81,20.26,5802339.0
2022-02-25,21.9,21.68,22.43,21.36,3879017.0
2022-02-28,22.82,21.87,22.88,21.7,6381500.0
2022-03-01,21.93,22.79,22.81,21.71,6822960.0
2022-03-02,22.22,22.0,22.32,21.76,4144958.0
2022-03-03,21.98,22.28,22.47,21.85,4018937.0
2022-03-04,22.51,21.91,22.56,21.77,5110669.0
2022-03-07,22.36,22.67,23.49,22.28,5599811.0
2022-03-08,22.65,22.5,22.9,22.31,6063957.0
2022-03-09,22.74,22.87,23.07,22.53,4542457.0
2022-03-10,22.65,22.63,22.7,22.41,3534219.0
2022-03-11,22.43,22.72,22.83,22.38,3280348.0
2022-03-14,22.42,22.37,22.71,21.91,3805014.0
2022-03-15,22.33,22.5,22.64,22.04,3216508.0
2022-03-16,22.59,22.3,22.65,22.25,3992762.0
2022-03-17,22.31,22.52,22.73,22.28,3411434.0
2022-03-18,22.41,22.23,22.55,22.12,4951517.0
2022-03-21,22.05,22.32,22.54,21.93,3329909.0
2022-03-22,22.39,22.07,22.67,22.07,2959057.0
2022-03-23,21.8,22.31,22.42,21.78,2566782.0
2022-03-24,22.05,21.85,22.17,21.83,3094411.0
2022-03-25,22.74,22.13,22.8,22.13,3268889.0
2022-03-28,23.11,22.76,23.21,22.68,3570731.0
2022-03-29,23.15,23.06,23.21,22.92,4380158.0
2022-03-30,23.1,23.13,23.38,22.99,4118507.0
2022-03-31,23.25,23.07,23.61,23.07,4651066.0
2022-04-01,23.44,23.31,23.5,23.08,4560107.0
2022-04-04,23.33,23.4,23.53,23.14,3590359.0
2022-04-05,23.58,23.39,23.78,23.38,6805213.0
2022-04-06,24.0,23.5,24.0,23.39,5816275.0
2022-04-07,24.12,23.98,24.21,23.74,6428072.0
2022-04-08,24.51,24.21,24.59,24.0,6982656.0
2022-04-11,24.0,24.52,24.65,23.97,5151556.0
2022-04-12,24.05,24.11,24.46,23.9,5277042.0
2022-04-13,23.8,24.07,24.21,23.66,5349303.0
2022-04-14,24.03,23.83,24.23,23.83,4708875.0
2022-04-18,24.84,24.0,24.87,23.92,5308557.0
2022-04-19,24.82,24.92,25.21,24.48,5429727.0
2022-04-20,26.26,25.18,26.63,25.18,8990330.0
2022-04-21,25.74,26.19,26.35,25.69,7014747.0
2022-04-22,25.35,25.75,25.79,25.3,3623048.0
2022-04-25,25.01,25.3,25.3,24.58,5130727.0
2022-04-26,24.9,24.81,25.42,24.81,4039587.0
2022-04-27,24.88,24.88,25.31,24.76,3608812.0
2022-04-28,25.13,25.12,25.17,24.75,5008512.0
2022-04-29,25.02,25.22,25.49,25.02,5342318.0
2022-05-02,24.69,25.0,25.25,24.18,4692371.0
2022-05-03,25.25,24.77,25.58,24.74,4094323.0
2022-05-04,25.92,25.36,26.08,25.3,5214576.0
2022-05-05,25.41,26.0,26.33,25.27,5171446.0
2022-05-06,26.62,26.0,27.1,25.75,9739072.0
2022-05-09,24.13,26.43,26.43,23.92,9713420.0
2022-05-10,24.44,24.45,24.99,23.87,5004537.0
2022-05-11,24.29,24.59,24.88,24.2,7373853.0
2022-05-12,23.41,24.04,24.19,22.89,9500753.0
2022-05-13,24.58,23.86,24.72,23.82,5521668.0
2022-05-16,25.0,24.53,25.01,24.39,6949348.0
2022-05-17,25.25,25.05,25.28,24.76,5014705.0
2022-05-18,25.23,25.31,25.59,25.1,5069971.0
2022-05-19,26.08,25.27,26.13,25.14,7959723.0
2022-05-20,25.23,25.96,26.46,24.83,6190163.0
2022-05-23,25.73,25.41,25.84,25.14,4484563.0
2022-05-24,25.48,25.51,25.77,25.23,4045965.0
2022-05-25,26.1,25.47,26.17,25.45,5564867.0
2022-05-26,25.93,26.22,26.46,25.92,4707093.0
2022-05-27,26.31,25.98,26.33,25.74,5778642.0
2022-05-31,26.37,26.5,26.69,25.88,7762915.0
2022-06-01,25.9,26.36,26.46,25.27,4618806.0
2022-06-02,25.98,25.96,26.24,25.6,3846887.0
2022-06-03,25.85,25.91,26.25,25.83,3388977.0
2022-06-06,26.49,25.99,26.53,25.82,5238564.0
2022-06-07,27.39,26.39,27.39,26.39,6773258.0
2022-06-08,26.84,27.24,27.31,26.62,4206394.0
2022-06-09,26.2,26.74,26.9,26.17,3390433.0
2022-06-10,25.44,25.77,25.88,25.43,3854019.0
2022-06-13,23.5,25.0,25.04,23.4,7472202.0
2022-06-14,22.96,23.45,23.7,22.63,8304214.0
2022-06-15,23.5,23.22,23.91,23.1,9339696.0
2022-06-16,22.52,23.32,23.32,22.28,7894568.0
2022-06-17,22.42,22.53,22.74,21.84,11501886.0
2022-06-21,22.77,22.98,23.01,22.5,5046448.0
2022-06-22,22.71,22.42,22.88,22.31,4595124.0
2022-06-23,23.41,22.97,23.46,22.84,5669255.0
2022-06-24,23.39,23.52,23.6,23.1,11738025.0
2022-06-27,23.75,23.39,24.06,23.34,4359481.0
2022-06-28,23.25,23.8,24.01,23.06,4875229.0
2022-06-29,22.89,23.22,23.25,22.39,4657169.0
2022-06-30,22.85,22.62,23.36,22.51,4965156.0
2022-07-01,23.35,23.07,23.49,22.89,3340916.0
2022-07-05,21.66,22.97,23.14,21.0,5960834.0
2022-07-06,21.7,21.54,21.95,21.37,4709777.0
2022-07-07,22.23,22.0,22.39,21.98,4068929.0
2022-07-08,22.08,22.21,22.33,21.87,3026711.0
2022-07-11,22.09,22.02,22.34,21.79,3355321.0
2022-07-12,22.52,21.98,22.65,21.97,3799841.0
2022-07-13,22.73,22.2,22.87,22.16,3551075.0
2022-07-14,22.93,22.2,23.02,22.17,5687771.0
2022-07-15,22.58,23.03,23.07,22.26,4025140.0
2022-07-18,22.82,22.74,23.33,22.67,4135193.0
2022-07-19,23.63,23.16,23.74,23.13,3764427.0
2022-07-20,23.64,23.62,23.73,23.12,4827128.0
2022-07-21,23.36,23.55,23.69,23.09,4230853.0
2022-07-22,23.0,23.41,23.66,22.75,3575093.0
2022-07-25,23.36,23.04,23.5,22.78,3285119.0
2022-07-26,23.75,23.31,23.76,23.16,7887931.0
2022-07-27,23.83,23.8,23.96,23.44,2702625.0
2022-07-28,24.82,24.39,24.87,24.04,3494890.0
2022-07-29,25.85,25.0,25.86,24.93,4894802.0
2022-08-01,25.36,25.7,25.9,25.26,3020152.0
2022-08-02,25.26,25.48,25.76,25.25,2875004.0
2022-08-03,25.46,25.22,25.59,25.11,2604093.0
2022-08-04,25.62,25.6,25.9,25.53,3411910.0
2022-08-05,24.6,25.53,25.73,24.31,4760708.0
2022-08-08,24.73,24.75,25.45,24.56,3798536.0
2022-08-09,24.79,24.61,24.81,24.32,3838267.0
2022-08-10,25.17,24.93,25.22,24.86,2968220.0
2022-08-11,25.34,25.27,25.78,25.23,3323502.0
2022-08-12,25.88,25.62,25.91,25.53,2716295.0
2022-08-15,25.97,25.65,25.99,25.35,3192702.0
2022-08-16,25.83,25.79,26.0,25.69,3706391.0
2022-08-17,25.53,25.49,25.81,25.44,3232515.0
2022-08-18,25.84,25.53,26.12,25.53,3623673.0
2022-08-19,25.25,25.74,25.78,25.14,3863468.0
2022-08-22,24.73,24.9,24.93,24.59,3630316.0
2022-08-23,24.47,24.92,24.95,24.46,3662232.0
2022-08-24,25.19,24.37,25.3,24.37,3435409.0
2022-08-25,25.65,25.29,25.97,25.12,4571124.0
2022-08-26,24.93,25.67,25.71,24.92,3672011.0
2022-08-29,24.74,24.59,24.84,24.4,3433889.0
2022-08-30,24.18,24.75,24.98,24.18,4375542.0
2022-08-31,24.75,24.06,24.8,24.01,7453874.0
2022-09-01,24.96,24.67,25.01,24.59,3535290.0
2022-09-02,24.96,25.18,25.52,24.89,2519275.0
2022-09-06,24.34,24.88,25.0,24.32,5326877.0
2022-09-07,24.64,24.37,24.71,24.3,4030074.0
2022-09-08,24.9,24.65,25.09,24.54,2890023.0
2022-09-09,25.25,25.19,25.46,24.98,3995477.0
2022-09-12,25.79,25.33,25.85,25.24,3347050.0
2022-09-13,24.98,25.4,25.73,24.89,3683477.0
2022-09-14,25.36,24.98,25.37,24.96,3449778.0
2022-09-15,25.37,25.22,25.4,25.09,4091358.0
2022-09-16,25.31,25.32,25.33,24.87,8706150.0
2022-09-19,25.62,25.04,25.81,25.04,3615209.0
2022-09-20,24.91,25.34,25.45,24.74,3129474.0
2022-09-21,24.44,25.03,25.32,24.42,2874957.0
2022-09-22,24.06,24.42,24.46,23.99,2848922.0
2022-09-23,23.37,23.63,23.69,23.1,4406817.0
2022-09-26,22.47,23.11,23.34,22.33,3717184.0
2022-09-27,22.02,22.75,22.82,21.67,5809627.0
2022-09-28,22.3,22.31,22.56,22.13,3833075.0
2022-09-29,21.38,22.01,22.06,21.17,7073452.0
2022-09-30,21.0,21.5,21.63,20.92,4597690.0
2022-10-03,21.47,21.37,21.84,21.04,5198042.0
2022-10-04,22.94,21.69,22.94,21.65,4833649.0
2022-10-05,22.89,22.54,23.14,22.24,4434434.0
2022-10-06,22.65,22.83,22.92,22.41,4290416.0
2022-10-07,21.97,22.51,22.61,21.93,3270782.0
2022-10-10,21.68,22.0,22.38,21.64,4969204.0
2022-10-11,21.8,21.56,22.13,21.38,4973482.0
2022-10-12,21.44,21.79,21.8,21.33,4601550.0
2022-10-13,21.68,21.11,21.96,20.76,3843435.0
2022-10-14,21.42,21.93,22.22,21.33,2511324.0
2022-10-17,22.03,21.95,22.49,21.85,3498264.0
2022-10-18,22.56,22.44,22.63,22.34,2961724.0
2022-10-19,22.2,22.33,22.41,21.79,3410294.0
2022-10-20,21.52,22.23,22.3,21.38,4054171.0
2022-10-21,21.75,21.48,21.77,21.12,4248856.0
2022-10-24,21.49,21.8,22.12,21.45,3992381.0
2022-10-25,21.99,21.52,22.22,21.48,4838419.0
2022-10-26,21.9,22.08,22.21,21.82,3419735.0
2022-10-27,21.98,22.12,22.31,21.89,3738381.0
2022-10-28,22.98,22.1,23.0,22.03,4167417.0
2022-10-31,22.97,22.93,23.23,22.77,4428770.0
2022-11-01,22.87,23.21,23.22,22.71,2978716.0
2022-11-02,22.87,22.83,23.68,22.73,4376405.0
2022-11-03,23.23,22.79,23.67,22.56,4398994.0
2022-11-04,22.85,23.16,23.87,22.43,7181312.0
2022-11-07,23.83,22.95,23.98,22.75,5051006.0
2022-11-08,24.12,23.79,24.35,23.72,3912864.0
2022-11-09,23.55,24.0,24.18,23.48,3345189.0
2022-11-10,24.59,24.39,24.99,24.09,3465929.0
2022-11-11,24.09,24.8,24.9,23.84,3527614.0
2022-11-14,22.95,23.89,24.08,22.95,3675493.0
2022-11-15,22.7,23.39,23.51,22.64,3885180.0
2022-11-16,22.83,22.5,23.01,22.47,3395198.0
2022-11-17,22.46,22.66,22.9,22.39,2599105.0
2022-11-18,22.91,22.72,22.91,22.63,3763031.0
2022-11-21,22.88,22.86,22.98,22.51,2292246.0
2022-11-22,23.43,22.99,23.48,22.88,2276632.0
2022-11-23,24.0,23.42,24.07,23.41,1865792.0
2022-11-25,24.08,23.95,24.4,23.95,1271597.0
2022-11-28,23.79,23.76,23.9,23.57,1896902.0
2022-11-29,24.23,23.81,24.29,23.54,2631256.0
2022-11-30,24.33,24.37,24.45,23.95,7650702.0
2022-12-01,24.53,24.47,24.82,24.31,4111885.0
2022-12-02,23.99,24.2,24.39,23.96,1941562.0
2022-12-05,23.44,23.78,23.84,23.26,2570592.0
2022-12-06,23.72,23.3,23.75,23.16,3779277.0
2022-12-07,23.64,23.63,24.05,23.52,3313647.0
2022-12-08,23.59,23.68,23.91,23.49,2201684.0
2022-12-09,23.86,23.41,24.01,23.33,3274481.0
2022-12-12,24.22,23.98,24.23,23.83,2359982.0
2022-12-13,24.29,24.58,25.03,24.1,5246131.0
2022-12-14,24.35,24.1,24.54,23.99,3566361.0
2022-12-15,24.33,24.24,24.53,24.03,3407482.0
2022-12-16,24.07,24.08,24.24,23.68,5457377.0
2022-12-19,23.86,24.05,24.29,23.76,3304118.0
2022-12-20,23.82,23.84,24.11,23.77,4042375.0
2022-12-21,24.17,24.0,24.17,23.81,4215297.0
2022-12-22,23.55,24.03,24.03,23.31,2380376.0
2022-12-23,23.87,23.41,23.9,23.37,2249489.0
2022-12-27,23.69,23.82,23.95,23.43,2208224.0
2022-12-28,23.66,23.71,23.84,23.55,5352712.0
2022-12-29,24.07,23.75,24.18,23.62,1954753.0
2022-12-30,23.2,24.0,24.02,22.84,3424734.0
2023-01-03,22.27,23.24,23.35,22.13,3868860.0
2023-01-04,22.75,22.28,22.85,22.01,3934057.0
2023-01-05,22.32,22.61,22.78,22.25,2319167.0
2023-01-06,22.51,22.48,22.78,22.25,3411927.0
2023-01-09,22.53,22.63,22.89,22.46,2912072.0
2023-01-10,22.4,22.41,22.54,22.19,2873570.0
2023-01-11,22.74,22.4,22.79,22.4,2395479.0
2023-01-12,22.69,22.86,23.1,22.61,3315731.0
2023-01-13,22.38,22.43,22.55,22.14,2806895.0
2023-01-17,22.15,22.42,22.77,22.14,3593653.0
2023-01-18,21.5,22.11,22.23,21.48,3684776.0
2023-01-19,21.39,21.38,21.53,21.25,3749805.0
2023-01-20,21.85,21.32,21.87,21.3,3413969.0
2023-01-23,22.5,21.78,22.73,21.76,2798208.0
2023-01-24,22.83,22.5,22.89,22.28,2632456.0
2023-01-25,22.57,22.63,22.8,22.35,2231765.0
2023-01-26,22.8,22.6,22.81,22.23,2012115.0
2023-01-27,22.67,22.7,22.91,22.65,1899825.0
2023-01-30,22.37,22.6,22.91,22.32,2132917.0
2023-01-31,23.06,22.44,23.07,22.32,2573036.0
2023-02-01,23.2,22.86,23.48,22.84,2495816.0
2023-02-02,23.28,23.43,23.87,23.03,3012023.0
2023-02-03,22.88,22.98,23.04,22.56,5011281.0
2023-02-06,22.97,22.84,23.1,22.76,4087203.0
2023-02-07,23.24,22.94,23.31,22.66,1930565.0
2023-02-08,22.86,23.08,23.2,22.83,1398802.0
2023-02-09,22.69,22.89,23.0,22.69,2709215.0
2023-02-10,23.04,22.66,23.14,22.62,1872110.0
2023-02-13,23.05,23.03,23.38,23.01,1590497.0
2023-02-14,23.01,22.97,23.47,22.86,2431485.0
2023-02-15,23.44,22.81,23.49,22.81,3413036.0
2023-02-16,22.82,23.17,23.38,22.55,4613959.0
2023-02-17,22.96,22.89,23.24,22.74,3582059.0
2023-02-21,22.57,22.77,22.92,22.44,3216031.0
2023-02-22,22.42,22.48,22.61,22.26,3114164.0
2023-02-23,22.5,22.57,22.83,22.4,1819950.0
2023-02-24,22.36,22.32,22.49,22.17,2340163.0
2023-02-27,22.25,22.6,22.8,22.22,2603315.0
2023-02-28,21.99,22.07,22.4,21.89,4883744.0
2023-03-01,21.71,22.08,22.54,21.56,4455285.0
2023-03-02,21.29,21.66,21.67,21.23,5173723.0
2023-03-03,21.41,21.32,21.59,21.18,3455744.0
2023-03-06,24.38,22.05,25.03,22.05,16329223.0
2023-03-07,26.51,24.95,27.29,24.6,14242644.0
2023-03-08,26.2,26.51,27.19,26.18,7018559.0
2023-03-09,25.69,26.24,26.5,25.68,6132967.0
2023-03-10,24.52,25.89,25.93,24.51,5888529.0
2023-03-13,24.34,24.38,25.04,24.02,7722291.0
2023-03-14,25.5,24.68,25.71,24.55,6021957.0
2023-03-15,24.41,24.77,25.12,23.9,6411523.0
2023-03-16,25.34,24.0,25.49,23.99,5547064.0
2023-03-17,24.84,25.09,25.13,24.22,5046354.0
2023-03-20,25.1,25.1,25.65,25.06,4331129.0
2023-03-21,25.06,25.14,25.68,24.75,3389309.0
2023-03-22,24.23,24.86,24.99,24.22,3333138.0
2023-03-23,23.91,24.33,24.62,23.63,3234478.0
2023-03-24,23.42,23.82,23.84,23.04,4853278.0
2023-03-27,23.2,23.49,23.74,23.12,4108836.0
2023-03-28,23.34,23.17,23.76,23.1,2799495.0
2023-03-29,23.51,23.48,23.76,23.32,3517361.0
2023-03-30,23.59,23.67,23.87,23.48,2154015.0
2023-03-31,24.0,23.65,24.0,23.54,2284359.0
2023-04-03,23.7,23.88,24.1,23.67,3017936.0
2023-04-04,23.41,23.67,23.76,23.19,2587234.0
2023-04-05,23.92,23.36,23.99,23.33,2736327.0
2023-04-06,24.07,24.12,24.3,23.87,3021854.0
2023-04-10,24.42,23.83,24.49,23.8,2735076.0
2023-04-11,24.69,24.55,24.91,24.44,2742393.0
2023-04-12,24.55,24.8,24.88,24.41,2962556.0
2023-04-13,24.83,24.43,25.12,24.32,3680394.0
2023-04-14,24.49,24.7,24.96,24.3,3169602.0
2023-04-17,24.25,24.53,24.53,24.05,2382115.0
2023-04-18,24.31,24.27,24.37,23.93,2834637.0
2023-04-19,24.26,24.15,24.27,23.8,3231677.0
2023-04-20,23.78,24.06,24.25,23.75,1985778.0
2023-04-21,23.7,23.8,23.9,23.46,1809401.0
2023-04-24,23.65,23.79,23.9,23.4,4037992.0
2023-04-25,23.35,23.6,23.72,23.25,3717102.0
2023-04-26,22.97,23.32,23.52,22.95,2636722.0
2023-04-27,23.13,23.05,23.28,22.95,2603348.0
2023-04-28,23.86,23.14,23.96,23.05,3154071.0
2023-05-01,23.43,23.86,24.12,23.42,2539565.0
2023-05-02,23.11,23.41,23.59,22.67,2937145.0
2023-05-03,23.01,23.4,23.55,22.98,1951115.0
2023-05-04,23.17,23.06,23.21,22.7,2640211.0
2023-05-05,23.42,23.27,23.56,23.2,3008352.0
2023-05-08,23.38,23.45,23.57,23.24,2425982.0
2023-05-09,24.6,23.59,24.66,23.59,6624281.0
2023-05-10,25.22,25.0,25.71,24.84,8049179.0
2023-05-11,24.64,25.01,25.21,24.52,3650513.0
2023-05-12,24.52,24.83,24.86,24.21,3458736.0
2023-05-15,24.8,24.5,24.81,24.41,3242149.0
2023-05-16,24.35,24.75,24.83,24.07,2840082.0
2023-05-17,24.35,24.46,24.61,24.21,3512216.0
2023-05-18,24.44,24.16,24.53,24.01,2611549.0
2023-05-19,24.51,24.68,24.95,24.51,2772298.0
2023-05-22,24.51,24.45,24.87,24.43,2455984.0
2023-05-23,24.56,24.45,24.97,24.39,2062726.0
2023-05-24,24.4,24.49,24.54,24.27,2972780.0
2023-05-25,24.27,24.46,24.61,23.85,2598335.0
2023-05-26,24.45,24.34,24.55,24.08,2569317.0
2023-05-30,23.95,24.53,24.58,23.92,2434536.0
2023-05-31,23.97,23.81,24.09,23.54,4908367.0
2023-06-01,24.64,24.04,24.73,23.99,4771986.0
2023-06-02,24.72,24.69,25.03,24.46,3299621.0
2023-06-05,24.9,24.57,24.99,24.56,2683070.0
2023-06-06,24.73,24.9,24.99,24.67,2493847.0
2023-06-07,25.16,24.78,25.23,24.65,3010487.0
2023-06-08,24.82,25.16,25.18,24.68,2612497.0
2023-06-09,24.82,24.97,25.06,24.77,1514171.0
2023-06-12,24.7,24.81,24.98,24.6,1771290.0
2023-06-13,24.9,24.7,25.02,24.6,3407897.0
2023-06-14,24.81,24.92,25.13,24.74,5449229.0
2023-06-15,25.33,24.84,25.4,24.81,5900629.0
2023-06-16,25.06,25.41,25.46,24.99,6531966.0
2023-06-20,24.97,24.95,25.16,24.72,4547903.0
2023-06-21,25.15,24.87,25.25,24.7,3948361.0
2023-06-22,25.3,25.26,25.32,24.93,2493094.0
2023-06-23,25.1,25.33,25.53,24.91,7426314.0
2023-06-26,25.6,25.48,26.08,25.44,5450994.0
2023-06-27,25.79,25.69,26.14,25.56,4740550.0
2023-06-28,25.73,25.77,25.82,25.56,1866706.0
2023-06-29,26.04,25.73,26.13,25.64,1686932.0
2023-06-30,26.25,26.1,26.4,25.97,2301663.0
2023-07-03,26.09,26.16,26.43,26.09,1222279.0
2023-07-05,26.84,25.91,26.95,25.88,3070125.0
2023-07-06,26.95,26.6,26.95,26.53,3374596.0
2023-07-07,26.7,26.73,27.07,26.64,2043786.0
2023-07-10,26.46,26.7,26.81,26.34,1651668.0
2023-07-11,26.52,26.44,26.52,26.26,1917538.0
2023-07-12,26.76,26.62,26.93,26.57,1991098.0
2023-07-13,26.71,26.57,26.8,26.55,1712298.0
2023-07-14,26.34,26.68,26.68,26.3,1288708.0
2023-07-17,26.13,26.2,26.32,26.06,2146729.0
2023-07-18,26.78,26.18,26.78,26.17,2470313.0
2023-07-19,27.33,26.82,27.41,26.74,3692331.0
2023-07-20,27.37,27.31,27.51,27.21,1512644.0
2023-07-21,28.36,27.55,28.52,27.37,4584033.0
2023-07-24,28.3,28.36,28.48,28.11,1939689.0
2023-07-25,28.1,28.43,28.53,28.08,2748772.0
2023-07-26,28.41,28.2,28.55,28.08,2838691.0
2023-07-27,28.1,28.37,28.51,28.07,2048848.0
2023-07-28,27.72,28.18,28.35,27.58,1875031.0
2023-07-31,28.06,28.0,28.56,27.85,2793352.0
2023-08-01,27.89,27.97,28.37,27.75,2377844.0
2023-08-02,27.99,27.65,28.07,27.54,1935122.0
2023-08-03,27.94,27.97,28.31,27.7,4245105.0
2023-08-04,28.54,28.01,28.85,27.9,4728050.0
2023-08-07,28.7,28.67,29.0,28.59,3243178.0
2023-08-08,28.82,28.56,28.88,28.39,4245532.0
2023-08-09,30.31,29.54,30.77,29.19,7461173.0
2023-08-10,30.69,30.44,30.99,30.44,5922514.0
2023-08-11,30.14,30.62,30.85,30.07,4828650.0
2023-08-14,30.32,30.04,30.34,29.92,4458710.0
2023-08-15,30.24,30.03,30.32,29.99,3258406.0
2023-08-16,30.07,30.28,30.43,30.02,3004544.0
2023-08-17,29.71,30.0,30.45,29.47,3470723.0
2023-08-18,29.86,29.6,30.09,29.57,3267543.0
2023-08-21,30.0,29.95,30.02,29.74,3003104.0
2023-08-22,29.66,29.9,29.91,29.48,3676934.0
2023-08-23,30.33,29.91,30.34,29.87,5043369.0
2023-08-24,30.01,30.43,30.47,29.89,3957944.0
2023-08-25,30.12,30.12,30.37,30.03,2932599.0
2023-08-28,29.97,30.13,30.28,29.84,2761601.0
2023-08-29,30.42,30.07,30.46,30.0,4530619.0
2023-08-30,31.33,30.39,31.35,30.36,4426537.0
2023-08-31,31.42,31.37,31.68,31.32,5297394.0
2023-09-01,31.79,31.61,31.99,31.59,3880283.0
2023-09-05,32.5,32.6,33.05,31.98,9795615.0
2023-09-06,32.81,32.24,33.15,32.24,6026756.0
2023-09-07,33.37,33.02,33.59,32.66,6964701.0
2023-09-08,34.06,33.33,34.17,33.33,7432173.0
2023-09-11,33.69,34.07,34.29,33.67,5262937.0
2023-09-12,33.7,33.81,34.19,33.58,6221315.0
2023-09-13,33.18,33.3,33.73,32.95,6629563.0
2023-09-14,33.04,33.46,33.54,32.94,6554075.0
2023-09-15,32.91,33.14,33.23,32.79,53404060.0
2023-09-18,33.49,32.89,33.6,32.89,6597482.0
2023-09-19,33.15,33.46,33.78,33.12,4450678.0
2023-09-20,32.34,33.28,33.35,32.26,4081931.0
2023-09-21,33.45,32.74,33.67,32.74,5138060.0
2023-09-22,33.22,33.3,33.54,33.12,3962315.0
2023-09-25,33.66,33.04,33.84,33.03,3411656.0
2023-09-26,32.99,33.59,33.7,32.91,4370834.0
2023-09-27,33.32,33.0,33.57,32.86,5572180.0
2023-09-28,33.43,33.41,33.94,33.23,4491845.0
2023-09-29,33.18,33.73,33.84,32.83,4839877.0
2023-10-02,32.53,33.38,33.74,31.95,4982443.0
2023-10-03,32.0,32.34,32.69,31.37,6436456.0
2023-10-04,31.39,32.19,32.31,31.16,6521110.0
2023-10-05,31.83,31.39,32.06,31.34,4402296.0
2023-10-06,31.54,31.73,31.92,31.22,4792189.0
2023-10-09,31.85,31.57,32.11,31.57,3306842.0
2023-10-10,32.1,31.92,32.2,31.85,5909574.0
2023-10-11,32.77,32.1,32.81,31.95,6961743.0
2023-10-12,31.8,32.79,33.02,31.41,3725945.0
2023-10-13,31.64,31.93,32.1,31.4,2954571.0
2023-10-16,32.29,31.98,32.46,31.84,3368734.0
2023-10-17,32.57,31.97,32.8,31.97,3255616.0
2023-10-18,32.42,32.48,32.66,32.26,3175563.0
2023-10-19,32.11,32.29,32.84,32.1,3717419.0
2023-10-20,31.93,32.19,32.39,31.74,3267465.0
2023-10-23,31.89,31.68,32.14,31.43,2998270.0
2023-10-24,32.7,32.24,32.84,32.24,2668446.0
2023-10-25,32.78,32.89,33.04,32.53,2652463.0
2023-10-26,32.9,33.16,33.44,32.67,2925981.0
2023-10-27,32.02,32.68,32.77,31.92,3259050.0
2023-10-30,32.58,32.17,32.69,32.17,2499522.0
2023-10-31,32.72,32.76,32.83,32.34,2819596.0
2023-11-01,33.93,32.88,34.11,32.67,3786534.0
2023-11-02,34.66,34.0,35.04,33.92,3556509.0
2023-11-03,34.99,34.86,35.31,34.75,3980944.0
2023-11-06,35.33,35.15,35.52,34.87,5641442.0
2023-11-07,34.75,35.35,36.5,33.84,6032452.0
2023-11-08,34.67,35.09,35.54,34.6,4593390.0
2023-11-09,34.56,34.66,35.04,34.52,2870938.0
2023-11-10,34.48,34.86,35.11,34.42,2719368.0
2023-11-13,34.4,34.48,34.64,34.24,2692229.0
2023-11-14,35.22,34.9,35.3,34.86,4171592.0
2023-11-15,34.7,35.07,35.3,34.65,4098761.0
2023-11-16,34.74,35.0,35.31,34.31,4827786.0
2023-11-17,34.86,34.65,34.97,34.64,2903050.0
2023-11-20,34.69,34.86,35.07,34.66,3877707.0
2023-11-21,34.49,34.7,34.93,34.48,5000219.0
2023-11-22,34.81,34.55,34.82,34.25,2980371.0
2023-11-24,34.86,34.63,35.03,34.61,1190463.0
2023-11-27,35.64,34.89,35.69,34.7,3560777.0
2023-11-28,35.22,35.54,35.64,35.15,2591075.0
2023-11-29,34.92,35.51,35.84,34.88,4312890.0
2023-11-30,35.41,34.96,35.54,34.89,6258191.0
2023-12-01,36.28,35.41,36.28,35.41,4204245.0
2023-12-04,37.12,36.04,37.16,35.99,5748408.0
2023-12-05,37.37,37.13,37.41,36.72,4136026.0
2023-12-06,36.28,37.41,37.72,36.22,4382031.0
2023-12-07,37.17,36.25,37.2,36.17,3413465.0
2023-12-08,36.96,37.1,37.2,36.45,3606031.0
2023-12-11,36.88,37.0,37.06,36.48,3211560.0
2023-12-12,37.33,36.86,37.6,36.81,4330774.0
2023-12-13,38.12,37.39,38.19,37.31,4128167.0
2023-12-14,37.49,38.32,38.34,37.39,3702751.0
2023-12-15,37.68,37.5,37.91,37.39,14998797.0
2023-12-18,37.76,37.68,38.06,37.46,4450615.0
2023-12-19,37.72,37.71,37.98,37.38,3445335.0
2023-12-20,37.61,37.53,38.11,37.48,3122897.0
2023-12-21,37.79,37.77,37.99,37.58,2076758.0
2023-12-22,38.02,37.9,38.16,37.79,1610078.0
2023-12-26,38.2,37.96,38.42,37.88,1454182.0
2023-12-27,38.38,38.15,38.6,38.1,1984295.0
2023-12-28,38.82,38.22,38.84,38.22,2040354.0
2023-12-29,38.52,38.76,38.9,38.34,2312390.0
2024-01-02,38.07,38.29,38.6,37.81,2722311.0
2024-01-03,38.18,38.03,38.33,37.77,2941899.0
2024-01-04,38.4,38.32,38.74,38.2,3312178.0
2024-01-05,38.59,38.59,39.04,38.43,2625488.0
2024-01-08,39.14,38.66,39.19,38.5,3977698.0
2024-01-09,39.59,39.0,39.77,38.42,3582242.0
2024-01-10,38.46,39.68,39.68,38.39,2686594.0
2024-01-11,38.87,38.46,39.09,38.08,3466546.0
2024-01-12,39.22,39.13,39.39,39.08,1978105.0
2024-01-16,39.32,38.95,39.71,38.95,2887829.0
2024-01-17,39.72,39.14,40.0,39.08,2752086.0
2024-01-18,39.41,39.67,39.97,39.08,3238045.0
2024-01-19,40.17,39.56,40.17,39.46,2639922.0
2024-01-22,39.97,40.25,40.49,39.94,2799039.0
2024-01-23,39.85,40.06,40.31,39.52,2988204.0
2024-01-24,39.23,40.13,40.16,39.14,1918413.0
2024-01-25,40.43,39.74,40.55,39.69,2193456.0
2024-01-26,40.78,40.49,40.86,40.31,1739458.0
2024-01-29,40.56,40.79,40.8,40.54,1941283.0
2024-01-30,41.23,40.72,41.26,40.57,2420318.0
2024-01-31,41.03,41.35,41.66,40.78,2626534.0
2024-02-01,43.26,41.03,43.42,41.02,5523832.0
2024-02-02,44.55,43.1,44.96,42.72,6605405.0
2024-02-05,43.35,44.04,44.15,42.91,4184704.0
2024-02-06,43.26,43.3,43.88,42.94,5362389.0
2024-02-07,43.76,43.43,44.05,43.29,2696156.0
2024-02-08,42.9,43.6,43.83,42.61,3702035.0
2024-02-09,43.23,42.82,43.5,42.79,2610676.0
2024-02-12,42.81,43.21,43.47,42.23,4260919.0
2024-02-13,44.2,42.56,44.22,42.34,4587975.0
2024-02-14,44.27,44.53,45.0,43.99,3128629.0
2024-02-15,45.39,44.37,45.45,44.25,3776016.0
2024-02-16,45.58,45.19,46.31,45.19,4619782.0
2024-02-20,46.15,45.66,46.91,45.52,4732888.0
2024-02-21,46.18,46.18,47.35,45.8,4256866.0
2024-02-22,47.62,46.18,48.09,46.18,6149350.0
2024-02-23,48.62,47.77,48.77,47.59,5202262.0
2024-02-26,48.75,48.98,49.55,48.53,4644330.0
2024-02-27,50.98,48.63,51.18,48.22,8679589.0
2024-02-28,53.02,50.1,53.1,49.74,8231646.0
2024-02-29,54.54,53.18,55.98,53.02,10144748.0
2024-03-01,54.5,54.4,54.69,53.42,7128396.0
2024-03-04,56.99,55.28,57.75,55.28,7083466.0
2024-03-05,58.89,56.92,59.75,56.92,8054148.0
2024-03-06,60.9,59.27,61.36,59.27,8495231.0
2024-03-07,61.68,61.21,61.81,60.58,5436409.0
2024-03-08,60.49,61.71,62.12,57.65,8957513.0
2024-03-11,58.05,60.24,60.5,57.5,8162618.0
2024-03-12,60.2,58.51,60.22,58.0,5732920.0
2024-03-13,61.16,60.63,61.7,59.93,5365753.0
2024-03-14,63.11,61.42,63.22,61.39,6297720.0
2024-03-15,61.56,62.88,63.17,60.73,8450819.0
2024-03-18,62.48,61.95,63.03,60.86,5772018.0
2024-03-19,63.68,62.5,64.74,62.12,5980136.0
2024-03-20,66.75,64.0,66.88,63.94,7788460.0
2024-03-21,68.37,67.85,69.26,67.37,6271543.0
2024-03-22,69.09,68.49,69.27,66.44,5790510.0
2024-03-25,71.2,69.5,72.37,68.22,8282259.0
2024-03-26,67.89,71.19,73.05,67.84,7808375.0
2024-03-27,68.3,69.0,69.38,67.42,5728388.0
2024-03-28,69.65,68.17,69.84,67.79,3826357.0
2024-04-01,71.53,70.0,73.07,69.46,5401131.0
2024-04-02,71.15,69.75,71.28,69.21,5143571.0
2024-04-03,73.76,71.25,74.32,71.05,7145134.0
2024-04-04,70.54,74.56,75.89,70.37,5664442.0
2024-04-05,75.33,70.45,75.64,69.91,6099662.0
2024-04-08,74.42,74.96,75.31,71.91,5816644.0
2024-04-09,69.53,74.9,75.6,68.5,8451529.0
2024-04-10,70.76,68.58,71.3,67.6,6583940.0
2024-04-11,72.0,71.02,72.15,70.14,4234762.0
2024-04-12,69.74,71.77,72.37,68.86,4264926.0
2024-04-15,68.22,70.83,72.48,68.2,4413063.0
2024-04-16,67.6,68.37,68.6,65.68,6553659.0
2024-04-17,68.65,68.62,69.5,67.26,4546390.0
2024-04-18,65.88,68.99,69.29,64.91,7846135.0
2024-04-19,65.66,65.6,67.18,64.26,7598073.0
2024-04-22,66.72,66.13,68.01,65.32,4505826.0
2024-04-23,68.45,67.38,69.15,66.6,4165514.0
2024-04-24,70.46,70.0,71.49,68.88,5167567.0
2024-04-25,72.48,67.67,73.05,66.67,4980049.0
2024-04-26,72.7,72.67,73.55,71.54,3583116.0
2024-04-29,77.96,73.31,78.0,72.98,5245706.0
2024-04-30,75.84,77.83,78.73,75.81,6002111.0
2024-05-01,76.86,75.67,79.09,74.7,6171054.0
2024-05-02,79.87,77.45,80.81,76.11,6810210.0
2024-05-03,81.49,80.6,83.03,80.07,5588512.0
2024-05-06,83.24,82.31,83.61,80.1,8043449.0
2024-05-07,81.74,82.88,84.83,81.18,86269019.0
2024-05-08,89.2,81.78,91.04,81.74,15076454.0
2024-05-09,93.17,89.56,94.18,89.56,11060030.0
2024-05-10,93.42,94.74,96.07,92.01,7428015.0
2024-05-13,90.17,94.53,95.75,90.05,7957263.0
2024-05-14,91.47,89.02,91.57,87.92,5848530.0
2024-05-15,96.91,93.5,97.61,92.77,7198666.0
2024-05-16,93.14,97.0,97.9,93.03,5988015.0
2024-05-17,94.08,94.04,96.58,93.3,6084169.0
2024-05-20,91.51,94.95,96.69,90.85,5603009.0
2024-05-21,94.24,91.77,94.44,91.5,5926810.0
2024-05-22,94.27,94.07,94.68,92.44,6531853.0
2024-05-23,96.13,96.0,98.11,92.67,8472605.0
2024-05-24,102.1,96.06,104.12,94.16,8333756.0
2024-05-28,106.2,105.27,107.24,101.37,8089487.0
2024-05-29,103.62,104.9,106.7,102.41,6491678.0
2024-05-30,105.37,104.0,105.48,102.55,4796584.0
2024-05-31,99.08,105.94,106.39,95.41,15074413.0
2024-06-03,93.25,99.87,99.87,91.5,11391376.0
2024-06-04,89.55,92.75,93.25,86.63,11177810.0
2024-06-05,92.0,90.07,92.94,89.6,6167801.0
2024-06-06,86.26,91.21,93.88,83.01,13449030.0
2024-06-07,85.07,85.45,90.0,83.89,8785041.0
2024-06-10,88.22,84.55,90.9,84.54,8743610.0
2024-06-11,91.22,87.81,92.34,87.56,7243266.0
2024-06-12,90.56,92.88,94.5,89.0,8781375.0
2024-06-13,88.4,90.58,90.68,84.52,8288223.0
2024-06-14,87.59,87.9,88.13,85.58,3728443.0
2024-06-17,84.04,87.59,87.91,82.33,7445562.0
2024-06-18,87.58,83.91,87.67,83.4,8668104.0
2024-06-20,88.19,88.28,89.95,86.7,6583077.0
2024-06-21,86.86,87.72,88.67,84.62,18597816.0
2024-06-24,88.23,86.23,89.65,85.8,8497137.0
2024-06-25,89.41,87.88,91.36,87.1,6284423.0
2024-06-26,85.91,88.75,90.84,85.3,4998077.0
2024-06-27,87.22,85.0,87.54,83.66,6696658.0
2024-06-28,85.98,87.0,88.27,83.34,17908871.0
2024-07-01,87.34,88.74,91.83,86.3,6732262.0
2024-07-02,87.7,86.97,90.44,86.81,3981287.0
2024-07-03,91.72,87.9,92.48,87.7,3371739.0
2024-07-05,89.36,92.1,93.47,88.6,4526628.0
2024-07-08,92.88,89.95,92.89,89.42,4437924.0
2024-07-09,91.4,91.95,96.0,90.74,5754169.0
2024-07-10,92.31,91.55,92.96,86.8,5020765.0
2024-07-11,91.61,92.61,93.06,90.32,5859394.0
2024-07-12,91.33,91.18,92.29,88.6,5239504.0
2024-07-15,86.19,90.37,90.46,85.31,6018990.0
2024-07-16,85.87,86.28,87.35,84.56,4974905.0
2024-07-17,76.2,82.76,83.06,76.07,14373527.0
2024-07-18,76.55,77.48,78.15,73.75,8680261.0
2024-07-19,76.47,76.67,77.97,75.33,5141383.0
2024-07-22,79.17,77.28,79.41,77.07,4578168.0
2024-07-23,80.07,79.14,81.27,78.68,4712209.0
2024-07-24,72.58,79.0,79.53,72.13,8862509.0
2024-07-25,70.38,73.55,73.96,69.02,11659233.0
2024-07-26,71.12,72.08,72.3,70.12,4229800.0
2024-07-29,71.24,71.95,73.18,70.84,4846457.0
2024-07-30,69.0,71.93,72.89,68.74,6362514.0
2024-07-31,79.22,82.44,82.88,77.18,15755919.0
2024-08-01,76.04,79.48,81.67,75.23,5827137.0
2024-08-02,72.43,74.29,74.57,69.82,9363191.0
2024-08-05,70.2,66.82,71.46,66.5,6967624.0
2024-08-06,74.39,70.0,75.77,70.0,6285628.0
2024-08-07,73.95,76.68,77.05,72.53,8856511.0
2024-08-08,79.08,75.5,80.46,73.58,10747736.0
2024-08-09,78.64,78.0,78.93,75.92,5586342.0
2024-08-12,77.96,78.99,79.0,75.09,5417571.0
2024-08-13,80.45,79.03,81.93,77.93,6495533.0
2024-08-14,79.25,80.27,80.9,77.47,5144672.0
2024-08-15,81.45,79.55,81.57,78.37,4956630.0
2024-08-16,79.35,81.13,81.13,78.57,4821816.0
2024-08-19,80.74,79.5,80.76,78.41,3848515.0
2024-08-20,79.64,80.45,80.64,79.0,4433553.0
2024-08-21,82.28,79.65,82.99,79.03,4041440.0
2024-08-22,83.3,82.41,84.76,82.05,5187467.0
2024-08-23,85.77,83.94,86.2,83.39,5315622.0
2024-08-26,84.88,86.31,87.89,84.17,4774010.0
2024-08-27,84.59,84.13,85.94,83.41,2950976.0
2024-08-28,82.5,84.57,84.91,82.23,3549034.0
2024-08-29,84.67,83.2,86.23,83.2,4849227.0
2024-08-30,85.43,85.07,86.15,84.22,3947053.0
2024-09-03,75.74,85.0,85.04,75.68,9487867.0
2024-09-04,76.68,75.5,78.45,75.03,5282696.0
2024-09-05,75.83,76.61,77.22,75.5,4306901.0
2024-09-06,73.7,75.72,76.43,73.14,5161526.0
2024-09-09,74.95,75.0,75.49,72.9,4121872.0
2024-09-10,76.08,75.41,76.82,74.5,3392869.0
2024-09-11,80.06,76.96,80.29,75.21,4994280.0
2024-09-12,80.47,80.1,81.86,79.03,3863004.0
2024-09-13,85.55,82.52,85.96,81.12,6323094.0
2024-09-16,89.4,85.0,90.07,84.92,6947155.0
2024-09-17,91.15,90.32,92.41,88.89,5981609.0
2024-09-18,91.19,91.83,93.94,90.74,5958134.0
2024-09-19,92.74,94.33,95.25,90.26,7887721.0
2024-09-20,107.88,99.73,108.26,97.86,23358448.0
2024-09-23,111.63,110.35,114.55,107.04,15614964.0
2024-09-24,112.4,111.89,115.57,111.18,9722739.0
2024-09-25,119.08,114.18,120.61,113.7,15868441.0
2024-09-26,114.16,120.0,122.01,113.62,12987425.0
2024-09-27,117.72,115.25,119.7,114.32,7133482.0
2024-09-30,118.54,117.88,120.28,114.84,7526095.0
2024-10-01,122.55,118.0,122.64,115.03,7126675.0
2024-10-02,125.37,120.05,127.57,119.69,8792652.0
2024-10-03,132.45,128.4,135.3,126.01,14026803.0
2024-10-04,138.41,134.34,139.38,132.8,12401402.0
2024-10-07,131.27,139.86,143.87,128.36,15672337.0
2024-10-08,127.96,131.0,131.25,127.73,9002428.0
2024-10-09,124.18,126.41,126.5,120.77,9781248.0
2024-10-10,124.11,124.0,127.04,122.97,5842529.0
2024-10-11,125.29,117.5,125.31,114.5,10896181.0
2024-10-14,132.26,127.77,133.74,127.29,12001881.0
2024-10-15,128.29,132.01,132.78,126.52,6937815.0
2024-10-16,135.69,130.74,136.08,128.45,7574240.0
2024-10-17,127.27,139.48,139.48,126.99,11724077.0
2024-10-18,131.16,127.3,132.26,125.37,6257314.0
2024-10-21,130.38,131.58,133.43,127.81,4314826.0
2024-10-22,125.04,128.0,128.88,124.7,5757959.0
2024-10-23,126.11,124.0,128.7,123.11,4554642.0
2024-10-24,125.58,125.91,127.11,123.3,3317361.0
2024-10-25,124.03,127.35,128.35,123.1,3792453.0
2024-10-28,127.78,125.21,128.62,123.97,5213272.0
2024-10-29,126.66,125.58,127.86,124.34,4738626.0
2024-10-30,124.11,127.05,128.46,121.5,4166528.0
2024-10-31,124.96,124.31,125.73,122.42,4073477.0
2024-11-01,119.51,124.6,126.34,119.09,5979565.0
2024-11-04,115.74,117.69,118.8,111.5,10659636.0
2024-11-05,121.9,116.31,122.27,115.89,6438761.0
2024-11-06,126.09,125.17,127.0,121.07,7411320.0
2024-11-07,135.73,138.11,143.79,130.02,14877347.0
2024-11-08,141.9,135.24,144.77,135.24,9826064.0
2024-11-11,145.8,146.28,149.8,141.95,7850401.0
2024-11-12,142.16,143.92,145.98,137.24,5314726.0
2024-11-13,142.12,145.43,147.6,141.31,3863155.0
2024-11-14,138.46,142.23,143.41,138.17,3230222.0
2024-11-15,142.15,137.6,142.6,137.03,3562142.0
2024-11-18,146.63,142.72,152.64,142.72,5753270.0
2024-11-19,154.86,144.14,154.95,143.13,6372412.0
2024-11-20,154.63,155.77,157.72,151.26,4446714.0
2024-11-21,166.61,157.74,167.6,156.86,7868541.0
2024-11-22,161.92,168.67,168.67,158.12,6993281.0
2024-11-25,154.14,166.0,166.38,152.72,7673782.0
2024-11-26,162.66,154.38,164.14,153.61,5331061.0
2024-11-27,154.52,161.68,163.15,153.4,4819867.0
2024-11-29,159.84,158.49,160.9,156.73,2475784.0
2024-12-02,154.11,161.6,163.33,153.53,4843847.0
2024-12-03,154.16,155.64,158.88,153.9,3898821.0
2024-12-04,161.31,158.94,164.25,157.01,5327192.0
2024-12-05,160.88,161.0,164.86,159.58,3554231.0
2024-12-06,159.98,161.1,163.49,157.29,3220359.0
2024-12-09,148.31,160.17,160.71,146.15,6844247.0
2024-12-10,141.52,145.88,147.8,139.3,7109745.0
2024-12-11,146.0,145.94,148.41,143.44,6209303.0
2024-12-12,145.08,146.43,148.98,144.6,3703005.0
2024-12-13,144.89,146.35,149.35,143.59,4016382.0
2024-12-16,145.33,144.71,147.22,143.28,4801267.0
2024-12-17,139.77,142.88,143.37,136.1,5475158.0
2024-12-18,132.89,141.25,141.25,131.64,5690551.0
2024-12-19,137.2,134.61,139.73,133.32,7554355.0
2024-12-20,139.95,132.45,141.63,132.0,8735096.0
2024-12-23,140.79,140.0,141.37,135.62,2871442.0
2024-12-24,143.36,142.03,144.16,141.02,1642685.0
